# File produced by AccuTrans 3D

mtllib 77.mtl

v 316.934814 0 -221.08371
v 317.438293 2.786011 -222.494095
v 316.667603 0 -222.05899
v 316.382416 2.786011 -223.526535
v 315.937469 0 -222.772919
v 314.940094 2.786011 -223.90448
v 314.940094 0 -223.034256
v 313.212616 0 -222.05899
v 312.441925 2.786011 -222.494095
v 313.497803 2.786011 -223.526535
v 313.94278 0 -222.772919
v 312.441925 2.786011 -219.673355
v 313.94278 0 -219.394485
v 313.212616 0 -220.108429
v 314.940094 2.786011 -218.26297
v 316.382416 2.786011 -218.640869
v 315.937469 0 -219.394485
v 314.940094 0 -219.133179
v 312.945404 0 -221.08371
v 316.667603 0 -220.108429
v 312.055481 2.786011 -221.08371
v 313.497803 2.786011 -218.640869
v 317.438293 2.786011 -219.673355
v 317.824738 2.786011 -221.08371
v 373.064026 0 -222.05899
v 374.221161 2.786011 -221.08371
v 373.834717 2.786011 -222.494095
v 372.333923 0 -222.772919
v 371.336578 2.786011 -223.90448
v 371.336578 0 -223.034256
v 370.339203 0 -222.772919
v 368.838409 2.786011 -222.494095
v 369.6091 0 -222.05899
v 369.6091 0 -220.108429
v 368.451965 2.786011 -221.08371
v 369.341827 0 -221.08371
v 369.894226 2.786011 -218.640869
v 370.339203 0 -219.394485
v 372.333923 0 -219.394485
v 371.336578 0 -219.133179
v 373.064026 0 -220.108429
v 373.331299 0 -221.08371
v 372.778839 2.786011 -223.526535
v 369.894226 2.786011 -223.526535
v 368.838409 2.786011 -219.673355
v 371.336578 2.786011 -218.26297
v 372.778839 2.786011 -218.640869
v 373.834717 2.786011 -219.673355
v 369.261292 0 -237.011948
v 368.994049 0 -237.987213
v 368.708893 2.786011 -239.454773
v 367.266571 2.786011 -239.832687
v 366.269196 0 -238.701172
v 365.82428 2.786011 -239.454773
v 367.266571 0 -238.962463
v 365.539093 0 -237.987213
v 364.768433 2.786011 -238.422287
v 364.381958 2.786011 -237.011948
v 365.539093 0 -236.036667
v 365.271851 0 -237.011948
v 366.269196 0 -235.322723
v 364.768433 2.786011 -235.601547
v 365.82428 2.786011 -234.569107
v 367.266571 2.786011 -234.191162
v 367.266571 0 -235.061386
v 368.263947 0 -235.322723
v 368.708893 2.786011 -234.569107
v 369.76474 2.786011 -235.601547
v 368.994049 0 -236.036667
v 370.151215 2.786011 -237.011948
v 368.263947 0 -238.701172
v 369.76474 2.786011 -238.422287
v 321.941742 2.786011 -237.011948
v 320.784576 0 -237.987213
v 319.057129 0 -238.962463
v 319.057129 2.786011 -239.832687
v 320.49939 2.786011 -239.454773
v 320.054443 0 -238.701172
v 318.059753 0 -238.701172
v 317.614777 2.786011 -239.454773
v 317.32959 0 -237.987213
v 316.558929 2.786011 -238.422287
v 317.32959 0 -236.036667
v 316.172455 2.786011 -237.011948
v 318.059753 0 -235.322723
v 316.558929 2.786011 -235.601547
v 317.614777 2.786011 -234.569107
v 320.054443 0 -235.322723
v 320.49939 2.786011 -234.569107
v 321.555267 2.786011 -235.601547
v 320.784576 0 -236.036667
v 319.057129 0 -235.061386
v 317.062378 0 -237.011948
v 321.051788 0 -237.011948
v 321.555267 2.786011 -238.422287
v 319.057129 2.786011 -234.191162
# 96 vertices

vt 0.5515 20.8996
vt 0.5619 20.754
vt 0.613 20.754
vt 0.6253 20.8996
vt 0.9628 20.6919
vt 0.9732 20.5463
vt 1.0243 20.5463
vt 1.0366 20.6919
vt 1.1969 24.1423
vt 1.2018 23.9044
vt 1.2079 23.9968
vt 1.2081 23.9969
vt 1.2129 23.7589
vt 1.2597 23.9969
vt 1.2644 23.7589
vt 1.2715 24.1423
vt 1.2717 24.1424
vt 1.2764 23.9045
vt 2.2749 21.3913
vt 2.2854 21.2457
vt 2.2853 21.2459
vt 2.3363 21.2459
vt 2.3488 21.3913
vt 2.3487 21.3915
vt 2.9788 21.2673
vt 2.9892 21.1217
vt 3.0403 21.1217
vt 3.0527 21.2673
vt 3.5287 24.3191
vt 3.5397 24.1735
vt 3.5399 24.1736
vt 3.5915 24.1736
vt 3.6033 24.3191
vt 3.6035 24.3191
vt 3.9295 24.1111
vt 3.9405 23.9656
vt 3.9921 23.9656
vt 4.0041 24.1111
vt 5.6827 17.882
vt 5.6934 17.7364
vt 5.6935 17.7363
vt 5.744 17.7364
vt 5.7557 17.8821
vt 5.7558 17.882
vt 6.3198 18.5665
vt 6.3306 18.4207
vt 6.331 18.4204
vt 6.3815 18.4204
vt 6.3929 18.5665
vt 6.3933 18.5662
vt 6.3972 17.7622
vt 6.4077 17.6166
vt 6.408 17.6165
vt 6.4583 17.6166
vt 6.47 17.7624
vt 6.4703 17.7622
vt 6.8029 26.6269
vt 6.8146 26.4814
vt 6.8149 26.4813
vt 6.8662 26.4814
vt 6.8772 26.6269
vt 6.8774 26.6269
vt 7.1424 18.5629
vt 7.1532 18.4171
vt 7.1535 18.4169
vt 7.2011 26.8346
vt 7.204 18.4169
vt 7.2126 26.6892
vt 7.213 26.6891
vt 7.2155 18.5629
vt 7.2158 18.5627
vt 7.2642 26.6892
vt 7.2752 26.8347
vt 7.2756 26.8346
vt 9.5305 26.4201
vt 9.5329 26.658
vt 9.5423 26.2746
vt 9.5425 26.2746
vt 9.5446 26.5125
vt 9.5449 26.5124
vt 9.5939 26.2746
vt 9.5961 26.5125
vt 9.6049 26.4202
vt 9.605 26.4201
vt 9.6072 26.658
vt 9.6075 26.658
vt 14.7484 16.7222
vt 14.7597 16.5767
vt 14.7602 16.5765
vt 14.8103 16.5767
vt 14.8211 16.7224
vt 14.8215 16.7222
vt 15.3855 16.0381
vt 15.3972 15.8923
vt 15.3975 15.8921
vt 15.4481 15.8921
vt 15.4586 16.0381
vt 15.4589 16.0379
vt 15.4622 16.8426
vt 15.4734 16.6972
vt 15.474 16.6969
vt 15.524 16.6972
vt 15.5348 16.8429
vt 15.5354 16.8426
vt 16.2075 16.0422
vt 16.2192 15.8965
vt 16.2194 15.8964
vt 16.27 15.8964
vt 16.2806 16.0422
vt 16.2808 16.0421
vt 16.4132 28.2672
vt 16.4256 28.1216
vt 16.4259 28.1214
vt 16.477 28.1214
vt 16.4871 28.2672
vt 16.4874 28.2671
vt 17.1163 28.3918
vt 17.1282 28.2463
vt 17.1287 28.2461
vt 17.1793 28.2463
vt 17.1897 28.3919
vt 17.1902 28.3918
vt 18.4294 27.692
vt 18.4415 27.5464
vt 18.4417 27.5463
vt 18.4925 27.5464
vt 18.503 27.692
vt 18.5032 27.692
vt 18.8394 27.9
vt 18.8511 27.7545
vt 18.8517 27.7544
vt 18.9022 27.7545
vt 18.9126 27.9002
vt 18.9132 27.9
vt 25.0811 16.4467
vt 25.0934 16.3011
vt 25.0936 16.3011
vt 25.1446 16.3011
vt 25.1549 16.4467
vt 25.1551 16.4467
vt 25.4903 16.655
vt 25.5026 16.5094
vt 25.5032 16.5092
vt 25.5542 16.5092
vt 25.5641 16.655
vt 25.5646 16.6549
vt 26.8045 15.955
vt 26.8164 15.8095
vt 26.8168 15.8094
vt 26.8675 15.8095
vt 26.8779 15.9552
vt 26.8783 15.955
vt 27.506 16.0797
vt 27.5183 15.9341
vt 27.5188 15.9339
vt 27.5698 15.9339
vt 27.5798 16.0797
vt 27.5803 16.0796
vt 27.7165 28.3059
vt 27.7279 28.1603
vt 27.7282 28.1602
vt 27.7784 28.1603
vt 27.7892 28.3061
vt 27.7896 28.3059
vt 28.4616 27.5055
vt 28.4734 27.3597
vt 28.4739 27.3595
vt 28.5244 27.3595
vt 28.5348 27.5055
vt 28.5352 27.5053
vt 28.5376 28.3104
vt 28.5493 28.1646
vt 28.5497 28.1645
vt 28.6003 28.1645
vt 28.6107 28.3104
vt 28.6111 28.3102
vt 29.1752 27.6259
vt 29.187 27.4802
vt 29.1875 27.4799
vt 29.2381 27.4799
vt 29.2483 27.6259
vt 29.2489 27.6257
vt 34.3891 17.6876
vt 34.3922 17.9256
vt 34.4011 17.542
vt 34.4013 17.542
vt 34.4042 17.7801
vt 34.4044 17.78
vt 34.4528 17.542
vt 34.456 17.78
vt 34.4637 17.6876
vt 34.4639 17.6875
vt 34.4667 17.9256
vt 34.467 17.9255
vt 36.7208 17.5109
vt 36.7328 17.3653
vt 36.733 17.3653
vt 36.7846 17.3653
vt 36.7877 25.7852
vt 36.7953 17.5109
vt 36.7956 17.5108
vt 36.7981 25.6397
vt 36.7985 25.6394
vt 36.8487 25.6397
vt 36.8604 25.7855
vt 36.8608 25.7852
vt 37.1201 17.7189
vt 37.132 17.5734
vt 37.1324 17.5733
vt 37.1839 17.5733
vt 37.1946 17.7189
vt 37.1949 17.7189
vt 37.5329 26.5859
vt 37.5437 26.4401
vt 37.5439 26.44
vt 37.5944 26.44
vt 37.6028 33.0542
vt 37.606 26.5859
vt 37.6062 26.5858
vt 37.6101 25.7818
vt 37.6207 25.6362
vt 37.6209 25.636
vt 37.6221 32.9837
vt 37.6221 33.1247
vt 37.6473 10.9458
vt 37.6606 10.8971
vt 37.6606 10.9946
vt 37.6712 25.6362
vt 37.6749 32.932
vt 37.6749 33.1763
vt 37.683 25.782
vt 37.6832 25.7818
vt 37.6971 10.8614
vt 37.6971 11.0303
vt 37.747 10.8483
vt 37.747 11.0433
vt 37.747 32.9131
vt 37.747 33.1952
vt 37.7969 10.8614
vt 37.7969 11.0303
vt 37.8086 33.8506
vt 37.8191 32.932
vt 37.8191 33.1763
vt 37.8279 33.7801
vt 37.8279 33.9211
vt 37.8334 10.8971
vt 37.8334 10.9946
vt 37.8467 10.9458
vt 37.8531 10.1494
vt 37.8665 10.1006
vt 37.8665 10.1982
vt 37.8719 32.9837
vt 37.8719 33.1247
vt 37.8807 33.7285
vt 37.8807 33.9727
vt 37.8912 33.0542
vt 37.903 10.0649
vt 37.903 10.2339
vt 37.9529 10.0519
vt 37.9529 10.2469
vt 37.9529 33.7096
vt 37.9529 33.9916
vt 38.0027 10.0649
vt 38.0027 10.2339
vt 38.025 33.7285
vt 38.025 33.9727
vt 38.0392 10.1006
vt 38.0392 10.1982
vt 38.0526 10.1494
vt 38.0778 33.7801
vt 38.0778 33.9211
vt 38.0971 33.8506
vt 38.2476 26.4661
vt 38.2582 26.3205
vt 38.2584 26.3203
vt 38.3088 26.3205
vt 38.3205 26.4662
vt 38.3207 26.4661
vt 39.9988 20.2343
vt 40.0097 20.0887
vt 40.0098 20.0888
vt 40.0612 20.0887
vt 40.0732 20.2342
vt 40.0733 20.2343
vt 40.2191 33.8506
vt 40.2384 33.7801
vt 40.2384 33.9211
vt 40.2636 10.1494
vt 40.277 10.1006
vt 40.277 10.1982
vt 40.2912 33.7285
vt 40.2912 33.9727
vt 40.3135 10.0649
vt 40.3135 10.2339
vt 40.3633 10.0519
vt 40.3633 10.2469
vt 40.3633 33.7096
vt 40.3633 33.9916
vt 40.4 20.0268
vt 40.411 19.8812
vt 40.4132 10.0649
vt 40.4132 10.2339
vt 40.4226 33.0542
vt 40.4354 33.7285
vt 40.4354 33.9727
vt 40.4419 32.9837
vt 40.4419 33.1247
vt 40.4497 10.1006
vt 40.4497 10.1982
vt 40.4626 19.8812
vt 40.4631 10.1494
vt 40.4671 10.9458
vt 40.4745 20.0267
vt 40.4805 10.8971
vt 40.4805 10.9946
vt 40.4882 33.7801
vt 40.4882 33.9211
vt 40.4947 32.932
vt 40.4947 33.1763
vt 40.5076 33.8506
vt 40.517 10.8614
vt 40.517 11.0303
vt 40.5668 10.8483
vt 40.5668 11.0433
vt 40.5668 32.9131
vt 40.5668 33.1952
vt 40.6167 10.8614
vt 40.6167 11.0303
vt 40.6389 32.932
vt 40.6389 33.1763
vt 40.6532 10.8971
vt 40.6532 10.9946
vt 40.6666 10.9458
vt 40.6917 32.9837
vt 40.6917 33.1247
vt 40.7111 33.0542
vt 40.9534 23.0797
vt 40.964 22.9339
vt 40.9639 22.9341
vt 41.015 22.9339
vt 41.0274 23.0795
vt 41.0273 23.0797
vt 41.6575 22.9554
vt 41.6679 22.8098
vt 41.719 22.8097
vt 41.7313 22.9554
vt 42.7266 20.4411
vt 42.7317 20.2034
vt 42.7375 20.2954
vt 42.7376 20.2955
vt 42.7428 20.0579
vt 42.789 20.2954
vt 42.7942 20.0579
vt 42.801 20.441
vt 42.8011 20.4411
vt 42.8063 20.2034
vt 42.9695 23.6549
vt 42.98 23.5093
vt 43.031 23.5093
vt 43.0434 23.6549
vt 43.3809 23.4473
vt 43.3913 23.3017
vt 43.4424 23.3017
vt 43.4547 23.4473
# 364 texture vertices

s off

usemtl Cinema_Sof

f 2/170 1/167 3/168
f 1/166 2/169 24/165
f 4/127 3/124 5/126
f 3/125 4/128 2/123
f 6/83 5/77 7/81
f 5/78 6/84 4/75
f 10/38 7/36 11/37
f 7/36 10/38 6/35
f 9/28 11/26 8/27
f 11/26 9/28 10/25
f 21/71 8/65 19/67
f 8/64 21/70 9/63
f 12/103 19/100 14/102
f 19/101 12/104 21/99
f 22/146 14/143 13/144
f 14/142 22/145 12/141
f 15/194 13/188 18/190
f 13/187 15/193 22/184
f 16/283 18/280 17/282
f 18/281 16/284 15/279
f 23/341 17/338 20/340
f 17/339 23/342 16/337
f 24/205 20/202 1/204
f 20/203 24/206 23/199
f 13/234 17/240 18/236
f 19/225 13/234 14/227
f 11/233 19/225 8/226
f 11/233 13/234 19/225
f 5/239 11/233 7/235
f 1/248 5/239 3/246
f 1/248 11/233 5/239
f 1/248 13/234 11/233
f 1/248 17/240 13/234
f 1/248 20/247 17/240
f 6/238 2/253 4/243
f 9/224 6/238 10/230
f 12/223 9/224 21/217
f 12/223 6/238 9/224
f 15/237 12/223 22/229
f 23/252 15/237 16/242
f 23/252 12/223 15/237
f 23/252 6/238 12/223
f 23/252 2/253 6/238
f 23/252 24/256 2/253
f 27/163 42/160 25/162
f 42/161 27/164 26/159
f 43/116 25/113 28/114
f 25/112 43/115 27/111
f 29/61 28/58 30/60
f 28/59 29/62 43/57
f 44/18 30/13 31/15
f 30/13 44/18 29/10
f 32/8 31/6 33/7
f 31/6 32/8 44/5
f 35/55 33/52 36/54
f 33/53 35/56 32/51
f 45/110 36/107 34/108
f 36/106 45/109 35/105
f 37/158 34/155 38/156
f 34/154 37/157 45/153
f 46/212 38/209 40/210
f 38/208 46/211 37/207
f 47/354 40/349 39/352
f 40/350 47/355 46/347
f 48/360 39/358 41/359
f 39/358 48/360 47/357
f 26/219 41/215 42/216
f 41/214 26/218 48/213
f 38/322 39/328 40/324
f 36/312 38/322 34/315
f 31/321 36/312 33/314
f 31/321 38/322 36/312
f 28/327 31/321 30/323
f 42/333 28/327 25/331
f 42/333 31/321 28/327
f 42/333 38/322 31/321
f 42/333 39/328 38/322
f 42/333 41/332 39/328
f 29/326 27/335 43/330
f 32/307 29/326 44/319
f 45/306 32/307 35/303
f 45/306 29/326 32/307
f 46/325 45/306 37/318
f 48/334 46/325 47/329
f 48/334 45/306 46/325
f 48/334 29/326 45/306
f 48/334 27/335 29/326
f 48/334 26/336 27/335
f 72/176 49/173 50/174
f 49/172 72/175 70/171
f 51/121 50/118 71/120
f 50/119 51/122 72/117
f 52/73 71/68 55/72
f 71/69 52/74 51/66
f 54/17 55/12 53/14
f 55/11 54/16 52/9
f 57/4 53/2 56/3
f 53/2 57/4 54/1
f 58/43 56/40 60/42
f 56/41 58/44 57/39
f 62/98 60/95 59/96
f 60/94 62/97 58/93
f 63/151 59/148 61/150
f 59/149 63/152 62/147
f 64/201 61/197 65/198
f 61/196 64/200 63/195
f 67/356 65/351 66/353
f 65/351 67/356 64/348
f 68/364 66/362 69/363
f 66/362 68/364 67/361
f 70/277 69/274 49/276
f 69/275 70/278 68/273
f 61/294 66/302 65/296
f 60/288 61/294 59/290
f 53/293 60/288 56/289
f 53/293 61/294 60/288
f 71/301 53/293 55/295
f 49/311 71/301 50/308
f 49/311 53/293 71/301
f 49/311 61/294 53/293
f 49/311 66/302 61/294
f 49/311 69/309 66/302
f 52/298 72/317 51/305
f 57/287 52/298 54/292
f 62/286 57/287 58/285
f 62/286 52/298 57/287
f 64/297 62/286 63/291
f 68/316 64/297 67/304
f 68/316 62/286 64/297
f 68/316 52/298 62/286
f 68/316 72/317 52/298
f 68/316 70/320 72/317
f 95/182 94/179 74/180
f 94/178 95/181 73/177
f 77/133 74/130 78/132
f 74/131 77/134 95/129
f 76/85 78/79 75/82
f 78/80 76/86 77/76
f 80/34 75/31 79/32
f 75/30 80/33 76/29
f 82/24 79/21 81/22
f 79/20 82/23 80/19
f 84/50 81/47 93/48
f 81/46 84/49 82/45
f 86/91 93/88 83/90
f 93/89 86/92 84/87
f 87/140 83/137 85/138
f 83/136 87/139 86/135
f 96/192 85/186 92/189
f 85/185 96/191 87/183
f 89/313 92/300 88/310
f 90/346 88/344 91/345
f 88/344 90/346 89/343
f 73/231 91/221 94/228
f 91/222 73/232 90/220
f 92/300 89/313 96/299
f 85/258 88/264 92/260
f 93/249 85/258 83/251
f 79/257 93/249 81/250
f 79/257 85/258 93/249
f 78/263 79/257 75/259
f 94/269 78/263 74/267
f 94/269 79/257 78/263
f 94/269 85/258 79/257
f 94/269 88/264 85/258
f 94/269 91/268 88/264
f 76/262 95/271 77/266
f 82/245 76/262 80/255
f 86/244 82/245 84/241
f 86/244 76/262 82/245
f 96/261 86/244 87/254
f 90/270 96/261 89/265
f 90/270 86/244 96/261
f 90/270 76/262 86/244
f 90/270 95/271 76/262
f 90/270 73/272 95/271
# 176 faces

v 352.208374 29.203316 -240.145538
v 352.824371 31.084793 -241.834167
v 370.604523 26.002047 -220.036118
v 316.106964 19.398438 -219.567871
v 310.254883 31.937767 -237.851135
v 369.199829 19.408426 -228.443115
v 314.366425 20.994316 -216.394775
v 354.379089 33.256126 -245.144318
v 316.608948 31.542532 -240.20607
v 311.657684 20.416342 -220.851746
v 374.967499 22.114254 -221.091537
v 375.749542 28.991905 -241.279999
v 330.746338 29.946262 -247.900253
v 355.37085 31.297375 -248.0
v 311.42691 23.751005 -216.33226
v 311.50708 22.316498 -217.227859
v 314.760101 29.773254 -245.826981
v 377.940063 25.083397 -221.442932
v 370.289307 21.353235 -216.710709
v 369.710358 19.398438 -219.567871
v 343.121613 32.661343 -243.615967
v 333.892883 29.203316 -240.145538
v 354.658936 28.149752 -246.407608
v 373.976257 32.088711 -243.348602
v 366.757965 31.982117 -241.800613
v 369.208405 31.542532 -240.20607
v 308.845184 28.809298 -220.724976
v 318.78479 20.758886 -235.620148
v 377.818939 27.80929 -218.04155
v 366.44046 23.448944 -236.287338
v 371.199249 27.536331 -240.69426
v 371.327393 25.675182 -217.534058
v 374.005341 20.685911 -218.827408
v 373.185303 18.968018 -220.851746
v 307.572815 28.202396 -231.314896
v 317.540985 27.704475 -242.770828
v 320.914673 28.753742 -246.751495
v 368.276337 27.704475 -242.770828
v 369.465088 27.985731 -244.217346
v 309.675079 23.868374 -220.505005
v 309.811127 23.927275 -217.885864
v 320.457458 31.261017 -247.342468
v 320.533722 32.45293 -246.87645
v 321.062744 33.194923 -245.940216
v 317.052124 28.813381 -237.023575
v 343.121613 29.820471 -240.302734
v 311.544586 29.521582 -230.48114
v 315.697968 26.164587 -223.226547
v 372.071503 18.781456 -218.827408
v 313.612671 19.432318 -217.232162
v 313.174042 20.907005 -216.494949
v 313.479828 25.107025 -216.33226
v 311.841125 32.151695 -243.348602
v 314.562805 31.121151 -245.800705
v 376.627106 25.143818 -230.354004
v 311.830383 27.439728 -239.984024
v 355.354889 29.946262 -247.900253
v 370.457489 28.550413 -245.343002
v 371.057251 29.681774 -245.826981
v 343.121613 27.798607 -245.505981
v 332.105408 27.795172 -245.301437
v 375.425903 23.186193 -219.347351
v 310.255096 23.288576 -222.47226
v 310.391479 23.186193 -219.67807
v 374.000366 29.367073 -243.74025
v 373.2323 28.258602 -243.333008
v 309.677277 30.478804 -241.219711
v 308.665161 29.884237 -238.358414
v 372.993195 19.79949 -217.675293
v 374.310303 22.316498 -217.207199
v 376.006195 23.927275 -217.761871
v 369.712311 27.206036 -232.48761
v 371.742645 28.558275 -229.907379
v 370.119415 26.164587 -223.226547
v 368.256256 24.63026 -231.837234
v 314.48996 25.675182 -217.534058
v 372.204712 19.432318 -217.232162
v 312.632019 18.968018 -220.851746
v 308.855804 26.271921 -216.677826
v 307.542511 28.237577 -220.602432
v 308.015961 29.137857 -231.232697
v 375.906708 23.992908 -223.265244
v 317.673553 19.339796 -236.514267
v 312.585083 28.388958 -243.333008
v 310.06781 29.091986 -241.279999
v 368.143829 19.339796 -236.514267
v 375.5625 31.932034 -237.851135
v 378.443573 26.775532 -217.890213
v 377.153564 25.184343 -217.134354
v 365.361633 29.890142 -247.295242
v 315.845032 19.849184 -217.686966
v 355.091858 33.203739 -246.550537
v 316.617554 19.408426 -228.443115
v 316.505554 21.743259 -217.83194
v 375.057861 25.553123 -216.285629
v 372.337555 25.107025 -216.33226
v 376.961548 26.271921 -216.677826
v 355.352814 32.467049 -247.526276
v 364.825531 33.19236 -245.940216
v 307.495544 25.656029 -218.453857
v 313.275604 27.845472 -220.192902
v 310.954651 28.729897 -220.505508
v 312.586273 27.34247 -217.735825
v 314.903503 18.859077 -218.997482
v 367.359985 26.039316 -235.719299
v 317.553986 21.967739 -223.113602
v 318.457336 26.039316 -235.719299
v 317.324951 20.480715 -222.829971
v 365.40921 26.190346 -237.425888
v 318.80957 23.067135 -234.720627
v 374.328644 30.751152 -243.663513
v 314.283051 30.335592 -236.133377
v 314.074707 28.558275 -229.907379
v 373.23111 27.34247 -217.735825
v 374.158905 26.581324 -236.237289
v 373.987 27.388773 -239.984024
v 378.808777 27.259464 -220.579834
v 378.274872 28.237577 -220.602432
v 374.272736 29.521582 -230.48114
v 372.541779 27.845472 -220.192902
v 314.742371 19.413292 -217.288483
v 312.803772 27.199476 -238.707825
v 311.658417 26.581324 -236.477631
v 308.986603 26.561125 -234.967789
v 375.367493 28.204567 -218.087875
v 376.216644 27.331959 -216.903839
v 310.449829 28.204567 -218.087875
v 368.492401 20.480715 -222.829971
v 322.920685 27.769022 -244.464264
v 376.732697 31.1688 -238.217911
v 371.534271 30.335592 -236.133377
v 309.27713 29.632864 -231.033585
v 309.084686 31.191822 -238.217911
v 374.862732 28.729897 -220.505508
v 364.973633 28.732111 -246.751495
v 362.967621 27.769022 -244.464264
v 355.164459 28.776155 -247.333862
v 330.730438 31.297375 -248.0
v 320.726532 29.964418 -240.22348
v 378.057831 26.990152 -231.516586
v 312.229645 20.87595 -217.232162
v 368.63562 33.00658 -243.316345
v 372.939484 32.900551 -242.689804
v 318.227692 20.574236 -232.74469
v 378.611969 26.119457 -221.099182
v 378.321777 25.656029 -218.453857
v 369.969971 18.874586 -231.415787
v 367.59549 19.653238 -235.844376
v 307.008545 27.259464 -220.579834
v 307.998413 27.80929 -218.04155
v 377.801422 29.135727 -231.232697
v 368.765259 28.813381 -237.023575
v 307.975861 25.000475 -219.409195
v 371.039551 32.315495 -245.395737
v 365.354614 32.44281 -246.87645
v 311.488708 30.864782 -243.663513
v 314.777802 32.356068 -245.395737
v 375.075104 25.569281 -232.708511
v 375.698029 24.642683 -228.929993
v 368.263336 21.967739 -223.113602
v 369.92981 23.65727 -217.545181
v 313.726288 18.542465 -220.851746
v 372.091034 18.542465 -220.851746
v 315.359863 28.636942 -245.343002
v 372.186798 22.898859 -216.067169
v 317.78244 25.357006 -233.863678
v 367.007782 23.067135 -234.720627
v 367.669403 22.290392 -231.230545
v 367.589661 20.574236 -232.74469
v 365.430878 31.242601 -247.342468
v 310.759521 25.553123 -216.285629
v 313.630585 22.898859 -216.067169
v 310.849884 22.114254 -221.256897
v 374.390442 23.751005 -216.33226
v 372.643311 20.907005 -216.494949
v 308.368011 25.856487 -231.557556
v 317.181763 33.00658 -243.316345
v 376.972198 28.809298 -220.724976
v 376.540192 29.632343 -231.033585
v 330.936798 28.776155 -247.333862
v 322.288391 27.450108 -238.615662
v 363.528931 27.450108 -238.615662
v 359.546387 28.147881 -239.605835
v 370.227966 33.097755 -244.57872
v 308.663818 25.184343 -217.134354
v 315.589355 33.107876 -244.57872
v 314.618073 27.536331 -240.69426
v 373.01355 27.199476 -238.707825
v 310.084076 31.815144 -240.999481
v 307.205353 26.119457 -221.099182
v 375.562286 23.288576 -221.810837
v 319.376923 23.448944 -236.287338
v 320.408142 26.190346 -237.425888
v 311.817017 29.506462 -243.74025
v 370.973633 23.307035 -216.354095
v 370.695099 18.689848 -228.408203
v 309.831177 25.936977 -234.427338
v 310.119293 24.642683 -230.537262
v 320.526703 29.912992 -247.295242
v 330.748444 32.467049 -247.526276
v 365.090851 29.964418 -240.22348
v 319.059357 31.982117 -241.800613
v 323.893768 32.328831 -242.969772
v 333.276855 31.084793 -241.834167
v 326.341919 28.147881 -239.605835
v 361.994568 32.328831 -242.969772
v 369.972321 19.849184 -217.686966
v 371.075012 19.413292 -217.288483
v 369.311798 21.743259 -217.83194
v 369.312775 20.594868 -218.449127
v 316.504547 20.594868 -218.449127
v 315.528015 21.353235 -216.710709
v 376.83078 26.558994 -234.847641
v 375.986206 25.936977 -233.946686
v 376.140076 30.392319 -241.219711
v 377.152222 29.846489 -238.358414
v 315.21283 26.002047 -220.036118
v 315.887573 23.65727 -217.545181
v 314.843689 23.307035 -216.354095
v 312.824127 19.79949 -217.675293
v 313.745819 18.781456 -218.827408
v 316.352295 28.03668 -244.217346
v 308.901672 24.827984 -227.847168
v 322.351807 33.193054 -244.576736
v 308.274933 27.698179 -235.074158
v 307.759521 26.992325 -231.516586
v 313.738129 28.118475 -223.340668
v 318.147919 22.290392 -231.230545
v 317.561066 24.63026 -231.837234
v 377.828491 28.989258 -234.968674
v 377.542389 27.689577 -235.074158
v 371.254547 31.047567 -245.800705
v 353.99585 27.795172 -245.301437
v 316.295502 28.075079 -234.966324
v 316.105072 27.206036 -232.48761
v 375.733307 31.766018 -240.999481
v 374.600342 32.581505 -240.496964
v 372.812439 32.307331 -239.589935
v 369.521881 28.075079 -234.966324
v 368.034912 25.357006 -233.863678
v 311.21698 32.593796 -240.496964
v 312.877899 32.916317 -242.689804
v 313.004944 32.307331 -239.589935
v 316.568756 23.821026 -220.024658
v 371.450928 20.994316 -216.394775
v 377.449341 25.855967 -231.356674
v 311.713348 30.531057 -233.971771
v 374.104034 30.531057 -233.971771
v 307.373779 26.775532 -217.890213
v 377.841492 25.000475 -219.372482
v 369.248566 23.821026 -220.024658
v 368.67157 21.923868 -220.147888
v 317.145813 21.923868 -220.147888
v 331.442352 28.149752 -246.407608
v 309.910645 23.992908 -224.497681
v 374.159149 26.524811 -216.547897
v 311.658203 26.524811 -216.547897
v 309.600708 27.331959 -216.903839
v 370.913879 18.859077 -218.997482
v 371.225372 18.606796 -221.834869
v 314.59201 18.606796 -221.834869
v 310.742218 25.569281 -233.6698
v 315.847382 18.874586 -231.415787
v 315.122253 18.689848 -228.408203
v 318.221863 19.653238 -235.844376
v 367.032562 20.758886 -235.620148
v 316.308136 16.597656 -235.029129
v 328.473022 35.983845 -239.408447
v 319.420166 35.488663 -239.475861
v 314.744965 31.680012 -236.211792
v 315.90332 17.963926 -232.393051
v 313.413666 33.322624 -241.202469
v 342.64386 34.761959 -241.840363
v 316.776764 19.194977 -231.567978
v 319.747528 30.659458 -233.874466
v 340.592499 32.303467 -243.070572
v 336.372986 24.209484 -229.974075
v 341.34729 23.833364 -232.406754
v 318.181366 17.344557 -231.900726
v 343.286407 34.047939 -240.322296
v 342.697876 35.541004 -240.86142
v 318.000214 19.636862 -237.42244
v 321.734131 21.821011 -229.602158
v 325.01828 21.965527 -229.421051
v 319.435822 33.138626 -243.015549
v 332.973145 32.869579 -235.136642
v 318.791016 21.387506 -230.420013
v 321.528656 24.291147 -229.929474
v 328.473022 36.0 -241.041092
v 337.510223 33.300041 -243.15918
v 341.818878 33.90134 -237.638916
v 323.671631 31.767927 -243.143845
v 313.206268 34.172867 -240.240265
v 324.34494 27.277662 -231.042221
v 317.837952 27.797997 -232.744049
v 316.937714 24.025053 -232.399323
v 343.562866 23.122082 -235.456451
v 332.59668 27.129368 -230.903778
v 321.6315 19.689684 -230.266098
v 328.473022 35.130348 -242.393005
v 343.439453 30.770308 -239.440353
v 342.875671 34.153622 -238.973465
v 343.299438 31.643089 -241.207825
v 316.370209 33.546154 -236.663132
v 314.385223 34.105667 -237.686386
v 321.581757 17.506361 -231.547577
v 321.55838 15.297019 -233.137802
v 340.594269 31.122236 -243.075928
v 333.274353 32.208683 -243.472122
v 317.477173 22.613998 -238.479294
v 342.068481 20.085264 -231.628098
v 314.134827 35.821041 -240.840881
v 318.003693 16.857931 -236.546814
v 336.504517 30.357569 -233.466553
v 343.486115 27.510529 -237.346466
v 314.360138 32.302204 -241.910385
v 340.67337 18.426403 -230.844803
v 336.872711 21.716761 -229.679352
v 337.539307 35.720657 -241.041092
v 328.473022 30.673662 -243.175583
v 342.988129 16.712938 -232.393051
v 313.446808 31.265015 -239.09584
v 339.089233 27.6497 -232.605652
v 339.266174 24.069445 -230.989029
v 328.454163 34.993393 -237.433899
v 339.869293 33.390652 -236.473251
v 343.297699 33.484692 -241.530762
v 342.06311 33.745098 -242.433395
v 315.905304 16.253807 -233.837494
v 318.380463 19.156143 -230.83194
v 337.60257 17.297861 -231.547577
v 341.087738 14.908866 -233.297958
v 313.712341 31.693605 -237.678497
v 313.430389 34.374241 -238.973465
v 342.529785 31.352539 -242.477036
v 336.281677 27.268497 -231.414108
v 314.243469 35.044083 -241.758316
v 314.856842 33.745052 -242.178085
v 316.824463 19.667095 -235.86145
v 332.634369 24.253139 -229.678925
v 320.654175 27.490936 -231.621735
v 316.353485 31.590315 -242.414001
v 316.351776 29.359125 -241.762833
v 314.983337 28.616308 -241.164871
v 342.527954 35.505692 -239.63678
v 339.947449 20.970512 -230.471497
v 319.439484 34.639164 -237.724915
v 314.258087 35.785034 -239.63678
v 314.876312 35.093166 -238.518707
v 340.423706 34.958858 -238.125198
v 328.397705 32.940292 -235.056412
v 328.378601 30.202326 -232.716187
v 319.406708 35.508816 -241.041092
v 319.418091 34.624176 -242.325592
v 316.260162 35.086304 -242.123367
v 337.628387 15.088522 -233.137802
v 340.984283 16.510565 -231.900726
v 316.162964 23.335878 -235.447723
v 313.756836 30.398705 -240.231873
v 319.440979 29.424713 -242.124802
v 316.150116 23.710133 -233.910187
v 342.472168 27.831224 -235.742142
v 340.677521 35.82365 -239.678085
v 316.665405 20.815006 -231.615234
v 315.833557 20.25341 -232.92836
v 340.731323 35.851883 -241.041092
v 340.685822 34.910645 -242.123367
v 328.473022 33.752872 -243.248047
v 369.998993 16.597656 -235.029129
v 357.834076 35.983845 -239.408447
v 366.886932 35.488663 -239.475861
v 371.921844 34.105667 -237.686386
v 343.83493 27.831224 -235.742142
v 369.641693 20.815006 -231.615234
v 370.473541 20.25341 -232.92836
v 348.796875 33.300041 -243.15918
v 357.834076 33.752872 -243.248047
v 343.792938 18.863291 -234.30043
v 370.046936 35.086304 -242.123367
v 372.860291 31.265015 -239.09584
v 343.663208 34.761959 -241.840363
v 343.609253 35.541004 -240.86142
v 367.926636 19.156143 -230.83194
v 371.430756 35.093166 -238.518707
v 372.048981 35.785034 -239.63678
v 345.71286 31.122236 -243.075928
v 347.217834 27.6497 -232.605652
v 364.725403 17.506361 -231.547577
v 343.009369 33.484692 -241.530762
v 350.025452 27.268497 -231.414108
v 368.303375 16.857931 -236.546814
v 369.482697 19.667095 -235.86145
v 353.333954 32.869579 -235.136642
v 357.852905 34.993393 -237.433899
v 348.70459 17.297861 -231.547577
v 348.678711 15.088522 -233.137802
v 344.238586 20.085218 -231.628098
v 368.125732 17.344557 -231.900726
v 369.530365 19.194977 -231.567978
v 357.928497 30.202326 -232.716187
v 364.572937 21.821011 -229.602158
v 357.834076 35.130348 -242.393005
v 357.834076 36.0 -241.041092
v 370.144104 23.335878 -235.447723
v 344.959778 23.833364 -232.406754
v 364.748718 15.297019 -233.137802
v 345.7146 32.303467 -243.070572
v 366.55957 30.659458 -233.874466
v 361.962128 27.277662 -231.042221
v 342.820984 27.510529 -237.346466
v 348.767822 35.720657 -241.041092
v 343.182526 19.419416 -232.92836
v 342.744293 23.122082 -235.456451
v 345.629578 35.82365 -239.678085
v 353.672729 24.253139 -229.678925
v 345.633759 18.426403 -230.844803
v 366.871307 33.138626 -243.015549
v 369.953613 31.590315 -242.414001
v 373.1008 34.172867 -240.240265
v 345.322784 16.510565 -231.900726
v 343.27005 15.777737 -233.655334
v 343.00766 31.643089 -241.207825
v 342.867615 30.770308 -239.440353
v 368.469208 27.797997 -232.744049
v 357.834076 30.673662 -243.175583
v 353.032715 32.208683 -243.472122
v 372.550323 30.398705 -240.231873
v 372.594757 31.693605 -237.678497
v 345.621246 34.910645 -242.123367
v 343.02066 34.047939 -240.322296
v 342.514191 18.863291 -234.30043
v 372.893433 33.322624 -241.202469
v 372.172302 35.821041 -240.840881
v 371.94696 32.302204 -241.910385
v 361.288818 21.965483 -229.421051
v 364.675598 19.689684 -230.266098
v 349.434387 21.716761 -229.679352
v 370.401794 16.253807 -233.837494
v 347.040924 24.069445 -230.989029
v 366.90036 35.508816 -241.041092
v 345.883392 34.958858 -238.125198
v 343.779144 35.505692 -239.63678
v 343.777283 31.352539 -242.477036
v 369.369385 24.025053 -232.399323
v 370.403778 17.963926 -232.393051
v 345.21936 14.908866 -233.297958
v 371.562134 31.680012 -236.211792
v 349.802612 30.357569 -233.466553
v 353.710419 27.129368 -230.903778
v 349.934143 24.209484 -229.974075
v 371.450287 33.745052 -242.178085
v 372.063599 35.044083 -241.758316
v 368.829926 22.613998 -238.479294
v 368.306885 19.636862 -237.42244
v 364.778412 24.291147 -229.929474
v 365.652924 27.490936 -231.621735
v 362.635468 31.767927 -243.143845
v 366.866089 29.424713 -242.124802
v 369.955322 29.359125 -241.762833
v 344.48822 33.90134 -237.638916
v 343.431396 34.153622 -238.973465
v 343.31897 16.712938 -232.393051
v 346.35968 20.970512 -230.471497
v 366.889038 34.624176 -242.325592
v 366.867645 34.639164 -237.724915
v 372.876709 34.374241 -238.973465
v 346.437805 33.390652 -236.473251
v 369.936859 33.546154 -236.663132
v 357.909393 32.940292 -235.056412
v 371.323761 28.616308 -241.164871
v 344.243988 33.745098 -242.433395
v 370.157013 23.710133 -233.910187
v 367.516052 21.387506 -230.420013
v 345.575775 35.851883 -241.041092
v 372.158325 18.719471 -216.021011
v 372.807343 16.169975 -215.013489
v 345.71286 12.466008 -227.340897
v 349.997223 12.799475 -213.734665
v 350.086121 19.630869 -213.734665
v 365.803345 16.169975 -213.020645
v 365.528412 19.247059 -233.566086
v 365.722809 20.425507 -223.153564
v 365.768585 20.612679 -219.425598
v 357.834076 20.776087 -219.334793
v 343.663208 14.643944 -214.075851
v 344.243988 13.643456 -214.786713
v 344.255188 18.592854 -227.184616
v 343.333466 18.01996 -234.465225
v 357.834076 14.177299 -212.715042
v 365.806427 18.090765 -213.453262
v 350.104004 20.373903 -223.153564
v 350.104095 20.599777 -219.294739
v 350.104431 20.409651 -216.092941
v 373.57605 16.169975 -218.966248
v 373.575134 16.169975 -216.83049
v 373.600922 17.734318 -217.117279
v 373.129822 14.458684 -218.966248
v 373.128113 14.605632 -216.700043
v 365.783539 20.409651 -216.616287
v 357.834076 16.169975 -212.302567
v 357.834076 19.760441 -214.01207
v 372.829285 17.696053 -215.495178
v 365.665771 12.254947 -227.340897
v 357.834076 20.568329 -216.253128
v 372.473816 12.747349 -223.153564
v 357.304779 19.339275 -233.951416
v 342.883789 16.073196 -227.184616
v 341.959015 16.059383 -234.465225
v 342.358856 17.14492 -234.465225
v 350.030334 18.090765 -212.406525
v 350.002869 12.291695 -216.092941
v 343.779938 13.32528 -216.465225
v 369.953613 12.612956 -216.618057
v 346.047699 19.242149 -214.075851
v 369.93515 18.832798 -233.437637
v 370.426422 19.933538 -217.035294
v 343.692535 12.750522 -228.23143
v 345.064087 18.69519 -234.465225
v 344.389465 19.066319 -216.465225
v 344.018799 17.696053 -214.075851
v 372.714813 19.066319 -217.279205
v 373.342834 19.071356 -220.013107
v 371.60672 13.643456 -215.325577
v 370.505554 16.169975 -213.833908
v 370.517975 17.875011 -214.326904
v 343.282135 17.457407 -227.184616
v 345.7146 12.612956 -216.282806
v 365.665344 12.291695 -216.511978
v 345.692139 13.149446 -214.075851
v 349.979492 14.24923 -212.406525
v 372.637817 13.175205 -220.013107
v 357.834076 18.162653 -212.715042
v 370.448456 19.242149 -215.392685
v 343.000122 14.605632 -216.282806
v 372.433472 18.257517 -233.437637
v 372.415588 14.643944 -214.869339
v 373.602631 17.88131 -218.966248
v 365.789063 19.630869 -214.650543
v 346.120972 19.933538 -216.282806
v 344.387512 19.173563 -219.387817
v 370.281586 14.46494 -213.909668
v 346.119629 20.088001 -219.342209
v 342.668518 13.041287 -230.903061
v 342.1427 13.335185 -234.465225
v 342.480072 14.605632 -230.903061
v 370.034729 13.149446 -214.766815
v 343.669128 16.169975 -213.750595
v 372.929901 19.218954 -223.153564
v 370.366516 20.1052 -219.53035
v 343.415741 17.734318 -216.282806
v 345.824402 17.875011 -212.821945
v 349.980316 16.169975 -212.0
v 345.621246 14.46494 -212.821945
v 345.624481 16.169975 -212.433258
v 372.473816 12.747349 -227.340897
v 315.561035 19.242149 -215.392685
v 315.583069 19.933538 -217.035294
v 342.676025 18.01996 -234.465225
v 340.294891 12.612956 -216.282806
v 340.2966 12.466008 -227.340897
v 336.006622 12.291695 -216.092941
v 336.029175 16.169975 -212.0
v 328.175415 18.162653 -212.715042
v 315.727875 14.46494 -213.909668
v 320.286743 20.425507 -223.153564
v 320.240906 20.612679 -219.425598
v 328.175415 20.776087 -219.334793
v 315.491486 17.875011 -214.326904
v 343.340942 13.041287 -230.903061
v 343.529388 14.605632 -230.903061
v 339.889832 20.088001 -219.342209
v 335.905396 20.599777 -219.294739
v 343.001831 14.458684 -223.153564
v 343.016754 16.169975 -216.100357
v 341.620026 19.066319 -216.465225
v 335.90506 20.409651 -216.092941
v 339.888519 19.933538 -216.282806
v 312.879669 14.458684 -218.966248
v 313.294647 19.066319 -217.279205
v 328.175415 16.169975 -212.302567
v 328.175415 19.760441 -214.01207
v 320.343719 12.254947 -227.340897
v 320.206146 16.169975 -213.020645
v 320.481079 19.247059 -233.566086
v 328.704712 19.339275 -233.951416
v 316.055878 12.612956 -216.618057
v 335.979187 18.090765 -212.406525
v 342.727386 17.457407 -227.184616
v 343.650635 17.14492 -234.465225
v 313.180206 17.696053 -215.495178
v 312.4086 17.734318 -217.117279
v 342.346252 14.643944 -214.075851
v 312.881378 14.605632 -216.700043
v 312.433441 16.169975 -218.966248
v 320.225952 20.409651 -216.616287
v 328.175415 20.568329 -216.253128
v 315.974792 13.149446 -214.766815
v 342.316956 12.750522 -228.23143
v 339.961792 19.242149 -214.075851
v 335.905487 20.373903 -223.153564
v 340.185089 17.875011 -212.821945
v 312.666656 19.071356 -220.013107
v 314.402771 13.643456 -215.325577
v 341.765503 13.643456 -214.786713
v 342.229553 13.32528 -216.465225
v 320.203033 18.090765 -213.453262
v 336.012268 12.799475 -213.734665
v 313.535645 12.747349 -223.153564
v 313.371674 13.175205 -220.013107
v 315.643005 20.1052 -219.53035
v 341.754333 18.592854 -227.184616
v 340.945404 18.69519 -234.465225
v 336.029999 14.24923 -212.406525
v 313.576019 18.257517 -233.437637
v 316.074341 18.832798 -233.437637
v 313.079559 19.218954 -223.153564
v 313.593903 14.643944 -214.869339
v 312.40683 17.88131 -218.966248
v 320.220459 19.630869 -214.650543
v 340.317352 13.149446 -214.075851
v 341.621979 19.173563 -219.387817
v 328.175415 14.177299 -212.715042
v 315.503906 16.169975 -213.833908
v 313.202179 16.169975 -215.013489
v 343.866791 13.335185 -234.465225
v 312.434357 16.169975 -216.83049
v 320.344147 12.291695 -216.511978
v 342.340363 16.169975 -213.750595
v 343.125702 16.073196 -227.184616
v 344.050446 16.059383 -234.465225
v 313.851166 18.719471 -216.021011
v 342.593719 17.734318 -216.282806
v 341.990662 17.696053 -214.075851
v 335.92337 19.630869 -213.734665
v 340.388214 14.46494 -212.821945
v 340.384979 16.169975 -212.433258
v 313.535645 12.747349 -227.340897
v 317.410278 3.083598 -217.605728
v 315.987762 13.054536 -216.563324
v 307.877106 20.428156 -233.443787
v 312.035187 21.788172 -216.390991
v 315.752747 28.170511 -235.273987
v 313.645721 19.06953 -216.356628
v 307.920685 23.075645 -228.589096
v 307.629089 22.42522 -222.738983
v 307.697784 16.901281 -232.712219
v 309.089813 13.118737 -235.607544
v 313.809235 3.049153 -237.824203
v 316.142578 4.59838 -240.230728
v 311.032379 13.206785 -238.768829
v 308.283539 13.071043 -217.748047
v 320.16394 30.181171 -240.903198
v 314.450562 28.373493 -235.998306
v 309.550629 25.431196 -223.064575
v 312.192413 2.74353 -235.057007
v 309.519073 8.431137 -231.980835
v 310.913818 24.679081 -223.138809
v 308.204681 24.151669 -218.199524
v 314.588501 25.733997 -243.661575
v 313.958466 22.051489 -243.760742
v 307.354401 16.618549 -228.067947
v 307.237915 19.839281 -228.351791
v 312.567322 27.950893 -238.836151
v 311.148346 21.644958 -241.15799
v 308.7435 17.232576 -236.648071
v 308.276642 13.035903 -232.100128
v 315.941193 29.30357 -239.680878
v 307.631805 19.163094 -218.035736
v 314.079315 28.307383 -241.607864
v 310.373199 23.827282 -216.467667
v 308.25412 23.828279 -216.468979
v 312.384644 22.424309 -223.006226
v 312.541473 22.929958 -229.384155
v 314.825745 16.580412 -228.669205
v 308.044891 16.350977 -216.45752
v 311.025665 26.503529 -229.457809
v 312.773254 25.827473 -231.035355
v 314.772369 16.350847 -216.457352
v 314.938599 16.411919 -222.667862
v 310.387573 24.923807 -238.342361
v 312.150238 25.467596 -241.457184
v 309.185272 21.068853 -237.759659
v 309.238129 25.554731 -228.913345
v 307.920227 21.789083 -216.39183
v 308.908966 24.017492 -233.921646
v 310.740295 17.584721 -240.012146
v 315.505646 27.661343 -243.159561
v 322.343445 25.745508 -246.818573
v 371.621399 13.800569 -216.431168
v 324.556732 3.090679 -242.854172
v 369.46051 2.74353 -239.907379
v 361.672607 3.090679 -242.854172
v 363.283447 13.311945 -245.220078
v 314.987305 13.415325 -216.488876
v 308.394623 13.409504 -216.58049
v 374.282227 4.656672 -217.405258
v 311.933228 4.550121 -217.406998
v 322.945892 13.311945 -245.220078
v 369.718414 3.057753 -217.564713
v 376.230774 21.6576 -216.192383
v 364.198303 28.326191 -245.443039
v 317.807709 22.183275 -245.689926
v 363.885864 25.745508 -246.866623
v 368.135406 25.808012 -245.375214
v 363.897675 22.146484 -247.267471
v 322.331635 22.146484 -247.255447
v 313.739197 17.856638 -242.753082
v 316.768829 2.74353 -239.907379
v 375.856171 23.827282 -216.467667
v 377.623383 12.870016 -216.828842
v 365.919006 3.049153 -241.607315
v 368.06781 13.297393 -243.510574
v 370.070831 11.815843 -216.739853
v 370.2547 13.146406 -216.731201
v 317.369537 2.822281 -217.74704
v 314.460297 3.049153 -217.551041
v 317.791382 17.947292 -244.819611
v 368.900055 3.100886 -217.633041
v 320.310364 3.049153 -241.607315
v 368.131104 28.370321 -244.154785
v 318.093903 25.808012 -245.351135
v 324.74823 2.826842 -242.706833
v 363.632996 17.943338 -246.551117
v 322.452087 17.943338 -246.517349
v 312.808258 19.060844 -216.188629
v 370.494873 13.302129 -216.510971
v 368.4216 22.183275 -245.695953
v 372.270844 22.051489 -243.679916
v 368.437927 17.947292 -244.819611
v 309.339691 23.669952 -216.283356
v 309.092255 24.507505 -216.493942
v 311.628784 2.74353 -217.898758
v 315.812866 13.362201 -216.578964
v 317.382904 2.736797 -217.916687
v 362.312744 2.657524 -217.890549
v 356.742859 2.657785 -242.557388
v 343.175262 13.801656 -221.644104
v 372.042236 2.64167 -237.602112
v 370.546997 15.057334 -229.31282
v 321.289856 29.621876 -243.330521
v 315.967896 16.83769 -231.858902
v 315.967896 20.269697 -235.406158
v 369.644043 2.657524 -217.890549
v 370.261475 20.269697 -235.431107
v 315.682373 15.057334 -229.287872
v 318.077301 14.331587 -218.113647
v 372.420105 3.049153 -237.824203
v 311.445984 2.74353 -232.038971
v 317.26886 29.418982 -242.308151
v 366.065369 30.181171 -240.903198
v 364.939453 29.621876 -243.378571
v 370.723663 27.661343 -243.146622
v 368.960449 29.418982 -242.332169
v 318.098206 28.370321 -244.118744
v 323.6297 2.657785 -242.204178
v 343.190704 14.298749 -227.572556
v 370.261475 16.83769 -231.883865
v 361.48114 2.826842 -242.706833
v 361.425812 2.738317 -242.526566
v 365.781647 2.74353 -241.468735
v 367.442871 13.502851 -218.153732
v 368.94928 13.56175 -218.218735
v 311.427643 2.74353 -219.399292
v 374.801697 2.74353 -219.399292
v 374.451141 2.64167 -218.052338
v 322.031006 28.326191 -245.370956
v 365.514404 2.747786 -228.312378
v 316.585266 2.657524 -217.890549
v 311.778229 2.64167 -218.052338
v 311.301239 2.74353 -228.302216
v 320.714935 2.747786 -228.312378
v 314.187103 2.64167 -237.602112
v 368.846436 2.736797 -217.916687
v 368.859833 2.822325 -217.74704
v 374.036926 2.74353 -235.057007
v 329.486511 2.657785 -242.557388
v 324.803497 2.738317 -242.526566
v 374.600555 2.74353 -217.898758
v 342.983643 13.16769 -216.645538
v 378.531525 16.901281 -231.683365
v 372.404205 19.095898 -218.013428
v 377.044037 21.068853 -237.04364
v 378.17334 16.237738 -216.598068
v 378.764709 16.41205 -221.641113
v 376.99118 25.554731 -228.709167
v 375.196991 13.206785 -239.073883
v 372.490112 17.856638 -242.749619
v 376.628784 8.431137 -218.644791
v 371.094818 15.841416 -221.537949
v 376.710236 8.431137 -231.720169
v 370.476593 28.170511 -235.273987
v 375.841736 24.923807 -237.824448
v 377.320374 24.017492 -233.153442
v 373.662048 27.950893 -238.70816
v 371.640839 25.733997 -243.602432
v 374.783356 2.74353 -232.038971
v 375.080963 21.644958 -240.828659
v 377.485809 17.232576 -236.373505
v 377.139496 13.118737 -235.843109
v 378.352264 20.428156 -232.226349
v 378.024689 24.151669 -218.184723
v 378.596863 19.156015 -217.931351
v 378.991455 19.839281 -226.954178
v 372.150055 28.307383 -241.548676
v 373.456116 25.827473 -231.038467
v 371.778778 28.373493 -235.998306
v 375.203705 26.503529 -229.457809
v 377.857666 12.881658 -218.195511
v 378.60025 22.42522 -222.270187
v 378.309143 21.789083 -216.469269
v 375.099152 3.049153 -228.293655
v 371.403595 16.580412 -228.694168
v 373.687836 22.929958 -229.396637
v 374.194183 21.788172 -216.390991
v 378.308685 23.075645 -227.772385
v 375.315552 24.679081 -223.140366
v 373.844727 22.424309 -223.012466
v 375.489075 17.584721 -239.998276
v 377.137054 24.507505 -216.493942
v 376.67868 25.431196 -223.064575
v 374.079071 25.467596 -241.196487
v 377.97525 23.828279 -216.488327
v 370.288116 29.30357 -239.686859
v 377.952698 13.035903 -231.51709
v 370.269928 13.382662 -216.926224
v 372.525208 18.907337 -216.365646
v 378.874908 16.618549 -226.561356
# 827 vertices

vt 0.1336 26.1444
vt 0.1567 25.8191
vt 0.1973 25.9635
vt 0.2096 26.5346
vt 0.2701 26.3525
vt 0.2783 26.4919
vt 0.9628 23.7685
vt 0.965 23.7847
vt 0.9822 23.664
vt 1.0039 23.8197
vt 1.0393 23.7554
vt 1.0414 23.7716
vt 1.6764 23.1403
vt 1.7563 23.2126
vt 1.7777 23.0926
vt 1.8978 23.5251
vt 1.8978 23.5841
vt 1.918 15.405
vt 1.9753 22.3355
vt 1.9991 23.5366
vt 2.0109 14.2441
vt 2.0489 23.2498
vt 2.0508 23.5375
vt 2.0522 23.3156
vt 2.0543 23.3009
vt 2.0551 23.4545
vt 2.0557 23.4689
vt 2.0591 23.5796
vt 2.0609 22.4085
vt 2.067 23.5655
vt 2.0727 15.3645
vt 2.0759 23.633
vt 2.0816 15.442
vt 2.0877 24.0797
vt 2.0995 24.1474
vt 2.1063 23.6393
vt 2.1092 22.2861
vt 2.1235 24.3092
vt 2.1322 22.1684
vt 2.1476 22.2664
vt 2.1536 17.8816
vt 2.1575 21.3773
vt 2.1609 22.0463
vt 2.1645 23.6422
vt 2.1686 21.5318
vt 2.1699 17.9515
vt 2.1753 23.6838
vt 2.1757 22.8914
vt 2.1772 22.8901
vt 2.1796 23.5079
vt 2.1925 23.57
vt 2.1929 21.8798
vt 2.1993 23.3221
vt 2.2005 22.5651
vt 2.2072 22.5452
vt 2.2109 23.6741
vt 2.2124 23.7488
vt 2.2148 23.5057
vt 2.2154 23.52
vt 2.2175 22.6795
vt 2.2225 21.4118
vt 2.2244 23.5685
vt 2.2255 23.3383
vt 2.2278 24.3314
vt 2.2333 23.29
vt 2.2334 23.4358
vt 2.2361 23.2362
vt 2.2383 23.2216
vt 2.2387 21.4008
vt 2.2395 23.5662
vt 2.2429 24.2228
vt 2.2465 22.6926
vt 2.2516 23.6211
vt 2.2552 23.6344
vt 2.2588 24.065
vt 2.2624 23.6627
vt 2.2631 23.6202
vt 2.2634 23.0789
vt 2.2672 17.9284
vt 2.2707 22.8358
vt 2.2758 22.6533
vt 2.2822 24.2256
vt 2.2829 21.6693
vt 2.2892 23.5212
vt 2.2978 23.5865
vt 2.3037 23.8502
vt 2.3037 24.293
vt 2.3103 21.8088
vt 2.3116 23.8043
vt 2.312 21.565
vt 2.313 22.1845
vt 2.3134 22.8337
vt 2.3175 25.7211
vt 2.3235 21.4559
vt 2.3274 21.9666
vt 2.3305 21.3701
vt 2.3316 23.589
vt 2.3378 21.3991
vt 2.3385 22.8802
vt 2.3439 23.4945
vt 2.3603 22.6796
vt 2.3687 22.8696
vt 2.3704 23.5104
vt 2.3784 21.2903
vt 2.3804 17.1378
vt 2.3967 23.4294
vt 2.4009 32.5505
vt 2.4048 22.4895
vt 2.4071 24.2078
vt 2.4103 22.5311
vt 2.417 23.3178
vt 2.4206 22.6657
vt 2.4222 22.6645
vt 2.4312 23.4065
vt 2.4334 22.3248
vt 2.4375 17.8262
vt 2.439 26.3081
vt 2.4405 22.3051
vt 2.4477 21.7702
vt 2.4545 14.1498
vt 2.4545 32.4901
vt 2.459 26.3864
vt 2.4765 21.6664
vt 2.4789 17.1262
vt 2.4911 22.6467
vt 2.4928 23.7954
vt 2.4929 17.1872
vt 2.5017 13.4147
vt 2.5048 25.7727
vt 2.5065 21.5609
vt 2.515 23.2895
vt 2.5253 23.5818
vt 2.5269 23.7976
vt 2.5311 23.8455
vt 2.5331 22.8765
vt 2.537 32.5977
vt 2.5372 17.9197
vt 2.5394 20.9079
vt 2.5495 20.9779
vt 2.5593 22.6914
vt 2.5657 20.147
vt 2.5682 23.9639
vt 2.6026 13.3336
vt 2.6127 22.512
vt 2.6161 25.6337
vt 2.621 22.3215
vt 2.6221 14.1846
vt 2.6246 24.1407
vt 2.6275 23.3906
vt 2.6277 26.354
vt 2.63 24.3569
vt 2.631 24.5986
vt 2.6316 23.9273
vt 2.6424 17.7922
vt 2.6494 23.4873
vt 2.6516 21.1881
vt 2.6703 22.5647
vt 2.6997 20.9519
vt 2.7008 25.5428
vt 2.7171 24.2958
vt 2.7323 22.3713
vt 2.7337 23.3693
vt 2.7413 22.3568
vt 2.7478 22.538
vt 2.7599 27.5015
vt 2.7619 25.5327
vt 2.7637 13.3802
vt 2.7818 20.2658
vt 2.7942 24.052
vt 2.8137 22.5979
vt 2.8197 20.4096
vt 2.8361 20.0066
vt 2.8393 19.8061
vt 2.8394 27.8408
vt 2.8456 20.0649
vt 2.8676 22.7995
vt 2.8691 27.9311
vt 2.879 24.5988
vt 2.8796 23.9276
vt 2.8823 24.3246
vt 2.8987 17.5102
vt 2.9043 19.7416
vt 2.9138 22.6304
vt 2.9222 18.9331
vt 2.9267 22.6992
vt 2.9278 22.9065
vt 2.9382 19.7978
vt 2.9418 22.8141
vt 2.9513 22.5076
vt 2.9555 21.1993
vt 2.9565 24.2977
vt 2.9636 22.5556
vt 2.9655 17.6176
vt 2.9657 22.5783
vt 2.968 21.9176
vt 2.9689 20.4064
vt 2.9716 22.3731
vt 2.9716 24.082
vt 2.9726 22.5411
vt 2.9822 21.0415
vt 2.9878 27.5226
vt 3.003 21.7761
vt 3.0066 20.2693
vt 3.0129 27.7951
vt 3.0262 23.983
vt 3.0411 17.0069
vt 3.0507 26.384
vt 3.0579 26.4004
vt 3.0629 23.7948
vt 3.0647 22.6095
vt 3.0657 21.9191
vt 3.0705 24.5119
vt 3.0796 18.9864
vt 3.0799 21.0431
vt 3.0899 25.0377
vt 3.1236 25.5378
vt 3.1338 24.5639
vt 3.1396 17.9435
vt 3.1418 17.9733
vt 3.1472 20.7013
vt 3.1484 25.4922
vt 3.1515 25.5607
vt 3.1541 26.9231
vt 3.157 20.2679
vt 3.1725 17.6008
vt 3.1751 24.8845
vt 3.1752 20.4089
vt 3.1815 26.9787
vt 3.1827 27.4936
vt 3.1861 25.4412
vt 3.1923 25.0743
vt 3.2128 16.8623
vt 3.2256 16.7982
vt 3.2283 21.6387
vt 3.2398 19.7939
vt 3.2434 26.7828
vt 3.2474 17.0107
vt 3.2475 23.9809
vt 3.2703 21.8831
vt 3.2791 26.3978
vt 3.2916 16.8603
vt 3.298 25.5428
vt 3.3006 20.6492
vt 3.3012 17.9509
vt 3.3012 21.7312
vt 3.3041 20.8299
vt 3.3132 17.102
vt 3.3358 25.4914
vt 3.338 25.4207
vt 3.3503 20.5685
vt 3.3526 20.6326
vt 3.3586 30.0312
vt 3.3654 18.7944
vt 3.3725 23.7063
vt 3.3776 20.7246
vt 3.4036 19.8807
vt 3.427 23.8685
vt 3.4298 23.9359
vt 3.4502 18.5219
vt 3.4512 31.5633
vt 3.4701 19.8179
vt 3.4728 24.1913
vt 3.5031 27.1604
vt 3.508 27.1472
vt 3.5092 25.5301
vt 3.518 25.4142
vt 3.5202 28.7328
vt 3.5205 27.2129
vt 3.5226 16.7899
vt 3.5301 13.5773
vt 3.5425 22.3394
vt 3.548 24.2994
vt 3.5489 13.493
vt 3.5522 13.5733
vt 3.5735 16.8531
vt 3.5755 24.227
vt 3.5777 22.5236
vt 3.592 25.3756
vt 3.602 16.7905
vt 3.6037 20.8881
vt 3.6073 21.4725
vt 3.608 18.4964
vt 3.6088 18.4145
vt 3.6087 20.8225
vt 3.6198 21.4782
vt 3.6213 20.2355
vt 3.625 34.2263
vt 3.6258 17.4148
vt 3.6275 17.4959
vt 3.6401 20.7702
vt 3.6401 30.0145
vt 3.6497 20.6274
vt 3.6524 21.249
vt 3.6525 22.168
vt 3.6544 20.7631
vt 3.6564 23.6569
vt 3.6673 23.6319
vt 3.6683 34.1602
vt 3.6771 23.6993
vt 3.6801 30.1007
vt 3.6835 10.6028
vt 3.6967 10.6012
vt 3.716 22.6688
vt 3.7174 22.5191
vt 3.7203 34.3421
vt 3.7241 17.7437
vt 3.7246 23.8615
vt 3.7285 23.5621
vt 3.7319 23.4945
vt 3.7396 10.4759
vt 3.7396 12.4959
vt 3.7669 20.2267
vt 3.7691 12.4278
vt 3.7691 17.3257
vt 3.7757 22.4654
vt 3.7766 12.374
vt 3.7815 20.2196
vt 3.7846 17.1784
vt 3.787 30.6218
vt 3.7896 27.1538
vt 3.7914 17.0955
vt 3.795 25.1656
vt 3.8015 25.2282
vt 3.8051 23.1073
vt 3.8057 23.2873
vt 3.8082 24.9524
vt 3.8082 26.2626
vt 3.8131 27.2183
vt 3.8153 21.4602
vt 3.818 27.205
vt 3.8257 20.7656
vt 3.8258 26.0216
vt 3.8273 32.0623
vt 3.8311 29.2002
vt 3.8358 25.4134
vt 3.8358 25.948
vt 3.838 21.2445
vt 3.8505 21.2503
vt 3.854 22.6935
vt 3.8656 21.2491
vt 3.8682 23.5884
vt 3.8997 26.3349
vt 3.9122 22.6399
vt 3.913 22.5014
vt 3.9164 24.8888
vt 3.9164 28.0554
vt 3.9259 28.0403
vt 3.9259 30.1434
vt 3.9437 26.1938
vt 3.9449 26.0625
vt 3.9587 24.7674
vt 3.9862 13.6312
vt 3.9922 26.1072
vt 3.9956 24.5727
vt 4.005 13.5475
vt 4.0212 12.1057
vt 4.0361 30.5361
vt 4.0539 24.9008
vt 4.0559 23.6103
vt 4.0733 30.6078
vt 4.0768 16.6655
vt 4.0775 17.3882
vt 4.0804 23.8283
vt 4.09 31.9773
vt 4.0963 23.4557
vt 4.1054 21.1703
vt 4.1083 23.5337
vt 4.1083 23.6876
vt 4.1106 29.1062
vt 4.131 23.6381
vt 4.1394 26.414
vt 4.14 32.1602
vt 4.1407 13.5573
vt 4.1629 30.1321
vt 4.1745 17.638
vt 4.1758 30.1717
vt 4.1793 16.6623
vt 4.182 16.6839
vt 4.1825 16.0257
vt 4.1918 24.5433
vt 4.1924 16.1518
vt 4.1931 30.1478
vt 4.1938 16.7209
vt 4.1953 16.0929
vt 4.1997 30.2198
vt 4.2315 18.7956
vt 4.2315 23.5649
vt 4.2323 23.4973
vt 4.2323 28.7481
vt 4.2324 13.1009
vt 4.2324 18.8587
vt 4.2327 24.8731
vt 4.2374 23.7509
vt 4.2404 21.6778
vt 4.2418 28.6831
vt 4.2418 33.0501
vt 4.2454 13.162
vt 4.2671 32.9941
vt 4.2671 33.9912
vt 4.2746 31.6361
vt 4.2865 24.6763
vt 4.3088 21.609
vt 4.3108 30.2534
vt 4.3109 30.1414
vt 4.3131 23.8586
vt 4.3136 30.0683
vt 4.3174 21.226
vt 4.3349 17.731
vt 4.3373 30.1161
vt 4.338 31.0348
vt 4.3396 31.0451
vt 4.3428 21.6756
vt 4.3435 16.0179
vt 4.3449 15.8998
vt 4.3472 21.739
vt 4.3484 23.6104
vt 4.3562 16.0853
vt 4.3575 31.7728
vt 4.378 18.0481
vt 4.3809 17.9662
vt 4.3846 30.1158
vt 4.3982 31.0255
vt 4.412 14.6252
vt 4.4123 14.697
vt 4.4213 30.1658
vt 4.4238 33.8804
vt 4.4497 32.7998
vt 4.4518 33.6531
vt 4.4525 27.9184
vt 4.4541 33.643
vt 4.4748 29.2192
vt 4.4783 32.8603
vt 4.4851 29.1914
vt 4.4893 34.4685
vt 4.4926 29.1548
vt 4.4997 27.7532
vt 4.5057 26.358
vt 4.5106 14.1144
vt 4.511 21.8384
vt 4.514 27.8492
vt 4.5169 14.1945
vt 4.5215 34.4099
vt 4.5403 27.7807
vt 4.5602 23.665
vt 4.5606 27.891
vt 4.562 27.7812
vt 4.5717 14.687
vt 4.5743 32.1082
vt 4.5799 21.77
vt 4.5815 18.5164
vt 4.5838 18.5808
vt 4.5851 12.2049
vt 4.6014 31.6733
vt 4.6038 18.3522
vt 4.61 27.8977
vt 4.6122 27.2583
vt 4.6133 12.2645
vt 4.6307 33.8316
vt 4.6345 16.7137
vt 4.6363 16.6326
vt 4.6366 12.3258
vt 4.6559 11.9437
vt 4.6611 32.2425
vt 4.6615 11.866
vt 4.6728 27.9252
vt 4.6824 14.1991
vt 4.6882 33.6337
vt 4.689 19.2096
vt 4.6897 19.2727
vt 4.6899 14.0396
vt 4.6967 31.2802
vt 4.7041 19.3684
vt 4.7078 27.0625
vt 4.714 26.5897
vt 4.7144 23.5561
vt 4.7143 23.6152
vt 4.7241 18.3676
vt 4.73 26.2419
vt 4.7403 27.7496
vt 4.7404 25.6191
vt 4.7574 26.2544
vt 4.7762 28.3299
vt 4.7772 28.3519
vt 4.7797 32.2955
vt 4.7841 28.3952
vt 4.7901 26.2735
vt 4.7989 31.7614
vt 4.8024 32.3525
vt 4.8249 26.7026
vt 4.827 27.3806
vt 4.8327 18.0001
vt 4.8369 31.5002
vt 4.8439 33.9429
vt 4.8601 26.9505
vt 4.8665 26.6122
vt 4.8694 26.7435
vt 4.8747 11.3605
vt 4.8819 21.4173
vt 4.8862 26.3208
vt 4.8885 31.3829
vt 4.9081 18.8241
vt 4.9109 32.7954
vt 4.9151 33.8844
vt 4.9318 21.202
vt 4.9352 35.5016
vt 4.9379 33.8275
vt 4.9419 26.3862
vt 4.9456 26.2701
vt 4.9456 31.7481
vt 4.9484 27.3242
vt 4.9519 25.6889
vt 4.9521 27.4404
vt 4.9536 26.6468
vt 4.9617 14.0677
vt 4.9685 29.2591
vt 4.9686 21.0902
vt 4.9703 23.5561
vt 4.9704 23.6152
vt 4.9728 26.1332
vt 4.976 29.2223
vt 4.9764 29.1939
vt 4.9788 21.1616
vt 5.0067 21.2301
vt 5.0215 21.8423
vt 5.0307 32.3368
vt 5.0348 18.2193
vt 5.0443 18.2859
vt 5.0483 31.5923
vt 5.0628 12.1442
vt 5.0653 34.4104
vt 5.0665 27.3235
vt 5.0727 12.2059
vt 5.0755 27.0717
vt 5.0788 17.3942
vt 5.0806 17.4752
vt 5.0849 18.5821
vt 5.0977 26.2509
vt 5.1039 27.3276
vt 5.1072 18.4183
vt 5.1078 11.9869
vt 5.1079 18.3552
vt 5.1081 25.61
vt 5.1145 12.2665
vt 5.1245 23.665
vt 5.1252 26.2452
vt 5.1287 14.0781
vt 5.1304 21.131
vt 5.1343 14.1559
vt 5.1513 13.4615
vt 5.1551 21.6938
vt 5.1683 26.5245
vt 5.1783 14.0995
vt 5.1816 33.831
vt 5.1841 26.5013
vt 5.1867 21.8787
vt 5.1976 35.9729
vt 5.2016 14.0385
vt 5.2037 19.2076
vt 5.2138 33.8896
vt 5.2158 19.3676
vt 5.2181 19.3036
vt 5.2256 31.3666
vt 5.2373 12.0255
vt 5.2558 19.8796
vt 5.2647 32.346
vt 5.2671 32.3561
vt 5.2686 35.8866
vt 5.2712 28.2855
vt 5.2781 28.3287
vt 5.289 28.35
vt 5.3043 32.3505
vt 5.3108 13.4715
vt 5.311 13.3997
vt 5.3194 11.4873
vt 5.3258 11.4072
vt 5.3347 31.5649
vt 5.3363 23.6104
vt 5.3553 35.7527
vt 5.3573 35.5666
vt 5.3598 18.7903
vt 5.3627 18.8721
vt 5.3669 31.579
vt 5.3679 17.1728
vt 5.3742 21.0844
vt 5.3857 35.506
vt 5.4172 19.9217
vt 5.4279 32.9941
vt 5.4279 33.9912
vt 5.4363 36.0775
vt 5.4532 28.6831
vt 5.4532 33.0501
vt 5.4626 13.1009
vt 5.4626 18.8587
vt 5.4627 23.4973
vt 5.4627 28.7481
vt 5.4635 18.7956
vt 5.4635 23.5649
vt 5.5142 20.726
vt 5.5215 35.9426
vt 5.5257 30.1321
vt 5.5283 17.0797
vt 5.5331 17.4454
vt 5.5504 26.5573
vt 5.5546 33.1076
vt 5.5763 23.5337
vt 5.5763 23.6876
vt 5.5778 19.8055
vt 5.5831 20.7944
vt 5.5861 12.1358
vt 5.5863 21.0287
vt 5.6359 16.6484
vt 5.6513 33.0126
vt 5.6959 33.0803
vt 5.6979 33.5442
vt 5.719 12.1672
vt 5.7217 33.7079
vt 5.7229 12.1047
vt 5.7405 12.2097
vt 5.7469 20.6951
vt 5.7626 28.0403
vt 5.7626 30.1434
vt 5.7722 24.8888
vt 5.7722 28.0554
vt 5.7791 35.8056
vt 5.7902 26.4782
vt 5.8164 23.5884
vt 5.8261 21.1075
vt 5.8431 33.5194
vt 5.8527 25.4134
vt 5.8527 25.948
vt 5.8673 24.9524
vt 5.8673 26.2626
vt 5.8686 17.0955
vt 5.8738 25.0148
vt 5.8774 26.1885
vt 5.8775 12.4278
vt 5.8775 17.3257
vt 5.8798 25.2282
vt 5.8828 23.2873
vt 5.8834 23.1073
vt 5.8843 17.2434
vt 5.9147 12.5486
vt 5.9201 20.2614
vt 5.9221 10.4759
vt 5.9221 12.4959
vt 5.9355 10.4767
vt 5.9468 23.9775
vt 5.9476 36.6341
vt 5.9507 18.0087
vt 5.9541 20.1948
vt 5.9737 23.4956
vt 5.9771 23.5631
vt 5.9786 17.1855
vt 5.9806 17.5695
vt 5.9865 36.5639
vt 5.9918 10.6012
vt 6.0019 23.8948
vt 6.0225 20.2636
vt 6.0226 23.8698
vt 6.0282 23.6569
vt 6.0341 34.0938
vt 6.0493 23.7408
vt 6.0761 18.3576
vt 6.0769 18.4395
vt 6.0858 16.7561
vt 6.0876 16.675
vt 6.1122 23.7236
vt 6.1197 22.919
vt 6.123 33.917
vt 6.1328 17.7696
vt 6.134 17.2019
vt 6.1348 13.3272
vt 6.1397 17.2689
vt 6.1447 17.6103
vt 6.1554 13.2109
vt 6.1718 12.193
vt 6.175 12.1127
vt 6.1796 23.9472
vt 6.1908 11.5598
vt 6.1937 37.1139
vt 6.1943 17.8701
vt 6.1966 12.1558
vt 6.2016 27.1694
vt 6.2054 11.5012
vt 6.2067 27.2399
vt 6.209 27.2438
vt 6.2284 17.4312
vt 6.23 36.6566
vt 6.2347 18.465
vt 6.2348 37.37
vt 6.2628 33.8828
vt 6.2656 37.2973
vt 6.3023 13.2286
vt 6.3059 17.1603
vt 6.3078 11.5044
vt 6.3452 22.8869
vt 6.3486 26.1585
vt 6.353 27.138
vt 6.3554 27.1419
vt 6.3565 27.2109
vt 6.3828 22.7106
vt 6.3874 18.7342
vt 6.3928 25.9594
vt 6.4038 19.2761
vt 6.4573 18.2901
vt 6.4575 21.1289
vt 6.503 20.9209
vt 6.5238 18.3529
vt 6.5411 25.8378
vt 6.5721 19.0313
vt 6.5777 23.5041
vt 6.5814 26.1117
vt 6.5894 19.4325
vt 6.6165 11.7935
vt 6.6371 23.3122
vt 6.6611 21.1121
vt 6.6664 19.3571
vt 6.6877 18.2661
vt 6.7301 25.9896
vt 6.7627 11.8165
vt 6.7664 25.8049
vt 6.7925 30.9662
vt 6.8045 31.022
vt 6.8198 19.4092
vt 6.8281 30.9578
vt 6.8407 23.2956
vt 6.8433 18.3038
vt 6.8659 17.7214
vt 6.9095 11.7127
vt 6.9466 38.2497
vt 6.9572 19.4437
vt 6.9817 20.4355
vt 6.9872 38.1642
vt 6.9988 18.3038
vt 7.0247 18.6029
vt 7.0274 10.9734
vt 7.0354 17.618
vt 7.0447 17.6818
vt 7.0756 24.2496
vt 7.0865 30.978
vt 7.0991 30.9124
vt 7.1104 34.977
vt 7.1111 30.9681
vt 7.1165 36.6147
vt 7.1287 19.2011
vt 7.1373 19.4395
vt 7.1386 20.6278
vt 7.1617 20.4313
vt 7.1749 34.817
vt 7.1885 10.9268
vt 7.1909 23.8562
vt 7.2008 23.7879
vt 7.2651 38.1839
vt 7.2806 17.4264
vt 7.2893 11.0079
vt 7.295 17.1887
vt 7.309 30.482
vt 7.3252 34.7657
vt 7.3288 17.1325
vt 7.3401 36.6245
vt 7.3406 36.6141
vt 7.3521 27.867
vt 7.3539 30.2993
vt 7.3669 24.3278
vt 7.3696 24.2601
vt 7.3703 9.7819
vt 7.3918 17.8708
vt 7.3938 17.1969
vt 7.3968 17.9381
vt 7.3985 9.8455
vt 7.4146 25.0159
vt 7.4261 27.9056
vt 7.4349 28.0215
vt 7.4421 25.0883
vt 7.4921 23.866
vt 7.5173 24.9802
vt 7.5239 28.429
vt 7.5525 28.5375
vt 7.5743 17.4333
vt 7.5767 17.3688
vt 7.5835 28.4587
vt 7.5849 30.2446
vt 7.5882 30.1712
vt 7.593 30.1537
vt 7.5953 22.3928
vt 7.6476 9.1229
vt 7.677 9.8532
vt 7.693 17.8812
vt 7.7332 31.9954
vt 7.7544 31.0754
vt 7.7604 22.2831
vt 7.7972 7.2
vt 7.7977 21.4147
vt 7.8068 26.447
vt 7.8167 30.1585
vt 7.8309 21.7438
vt 7.8433 21.2666
vt 7.9017 21.3105
vt 7.9411 9.1338
vt 7.9516 22.3084
vt 7.9534 9.1982
vt 7.9545 31.998
vt 7.9617 31.9816
vt 7.9648 7.1652
vt 7.9764 11.2974
vt 7.9797 8.8918
vt 7.9838 26.9781
vt 7.9852 11.22
vt 8.0106 21.7083
vt 8.0221 21.7692
vt 8.0258 30.8327
vt 8.0281 26.4492
vt 8.0464 8.8005
vt 8.1295 11.0538
vt 8.1399 11.2604
vt 8.142 25.8047
vt 8.1435 10.9928
vt 8.2008 39.2876
vt 8.2244 16.1565
vt 8.242 11.0044
vt 8.2429 16.0158
vt 8.2533 8.7966
vt 8.2705 30.9276
vt 8.2951 9.0441
vt 8.3388 39.4291
vt 8.3598 21.8972
vt 8.3723 39.3405
vt 8.3762 27.7572
vt 8.3935 27.5674
vt 8.4084 7.2596
vt 8.4087 21.94
vt 8.413 25.7567
vt 8.4298 25.5918
vt 8.4314 16.1541
vt 8.4644 21.7935
vt 8.4786 27.7205
vt 8.5024 9.061
vt 8.5416 11.6274
vt 8.57 8.9531
vt 8.5767 15.523
vt 8.6001 36.2853
vt 8.6126 11.2932
vt 8.6153 21.1835
vt 8.6236 21.3658
vt 8.6412 26.239
vt 8.6564 26.4548
vt 8.6686 21.4185
vt 8.7099 11.3163
vt 8.7262 11.2464
vt 8.7517 27.5831
vt 8.754 26.851
vt 8.7562 27.8253
vt 8.764 15.6628
vt 8.8019 15.5195
vt 8.8215 26.0583
vt 8.8231 27.9019
vt 8.8231 36.4072
vt 8.8233 26.3234
vt 8.8547 21.1816
vt 8.8938 21.4154
vt 8.8959 26.4529
vt 8.8999 21.2344
vt 8.9137 26.9311
vt 8.915 29.6276
vt 8.9394 27.9336
vt 8.9423 26.745
vt 8.9448 28.0024
vt 8.9765 16.4874
vt 8.9777 36.4449
vt 8.9801 10.6041
vt 8.9815 16.5516
vt 8.9861 36.3473
vt 9.0057 27.5838
vt 9.0081 26.8517
vt 9.018 37.5453
vt 9.0245 37.4527
vt 9.0723 27.6602
vt 9.0766 26.2717
vt 9.0769 26.0581
vt 9.0784 27.9017
vt 9.0807 13.9113
vt 9.0813 11.4592
vt 9.1194 20.5316
vt 9.141 10.5239
vt 9.1465 11.555
vt 9.1475 20.3358
vt 9.1628 29.7142
vt 9.1851 29.5746
vt 9.1893 36.3971
vt 9.1987 26.7145
vt 9.2135 23.4882
vt 9.2947 27.8451
vt 9.3148 23.4767
vt 9.3148 23.5358
vt 9.3407 10.5119
vt 9.3522 20.5173
vt 9.3548 11.9047
vt 9.384 37.5313
vt 9.4479 21.274
vt 9.4481 21.2668
vt 9.4588 21.3279
vt 9.5026 16.5023
vt 9.5547 11.8952
vt 9.5718 36.5444
vt 9.5924 11.843
vt 9.6067 13.9284
vt 9.6815 31.4308
vt 9.6874 13.8559
vt 9.7318 39.8116
vt 9.8039 17.2894
vt 9.8105 17.5896
vt 9.8205 22.1754
vt 9.8419 22.2954
vt 9.8421 35.8645
vt 9.8475 33.5418
vt 9.8498 33.467
vt 9.8533 18.3338
vt 9.8777 31.4486
vt 9.8813 31.4308
vt 9.8838 29.9691
vt 9.8991 39.8512
vt 9.9102 18.3797
vt 9.9117 35.6575
vt 9.9218 22.2231
vt 9.9222 39.7745
vt 9.9235 23.6742
vt 9.9367 35.7263
vt 9.9396 23.5822
vt 9.9564 29.1702
vt 9.9695 21.2299
vt 9.978 4.7452
vt 9.9815 35.8064
vt 9.9839 23.7024
vt 9.9909 17.2894
vt 9.996 21.2875
vt 9.9962 21.2803
vt 9.9995 35.8759
vt 10.028 23.5385
vt 10.0691 35.6683
vt 10.0819 4.8745
vt 10.0914 17.9601
vt 10.1647 26.7389
vt 10.1651 26.215
vt 10.1722 27.5117
vt 10.1778 26.0497
vt 10.1832 4.7796
vt 10.2276 23.1668
vt 10.2299 29.8037
vt 10.2337 29.8555
vt 10.2367 33.58
vt 10.2502 26.7319
vt 10.2678 29.814
vt 10.268 28.9995
vt 10.2717 29.8658
vt 10.2767 22.6668
vt 10.2767 22.803
vt 10.2828 37.6593
vt 10.3028 27.2836
vt 10.3045 23.1855
vt 10.3069 37.5325
vt 10.3081 22.8127
vt 10.3172 22.7889
vt 10.3278 23.0214
vt 10.3472 37.7086
vt 10.3536 22.971
vt 10.3536 23.0127
vt 10.3611 26.7546
vt 10.3628 23.0287
vt 10.3644 22.8451
vt 10.3803 22.8356
vt 10.3803 22.8982
vt 10.3846 40.4412
vt 10.3889 27.2764
vt 10.4122 18.7678
vt 10.4126 18.6109
vt 10.4186 18.3724
vt 10.4385 23.1145
vt 10.4481 23.2914
vt 10.4524 29.9798
vt 10.4548 22.7303
vt 10.4578 26.1818
vt 10.4645 30.6678
vt 10.4841 36.7509
vt 10.4914 40.5824
vt 10.4937 29.0937
vt 10.5302 23.1465
vt 10.5386 29.717
vt 10.5612 32.2036
vt 10.5824 22.992
vt 10.5966 22.8309
vt 10.5979 17.8442
vt 10.6137 18.9528
vt 10.6408 22.8037
vt 10.6802 40.5381
vt 10.6997 30.4465
vt 10.7153 30.306
vt 10.718 14.2603
vt 10.7357 30.2972
vt 10.7398 27.1143
vt 10.7829 17.5469
vt 10.801 31.7466
vt 10.8019 14.1916
vt 10.8038 27.5431
vt 10.804 27.6152
vt 10.8049 29.7618
vt 10.807 7.0086
vt 10.807 17.5204
vt 10.808 36.5507
vt 10.8256 28.1637
vt 10.8326 31.8338
vt 10.8336 36.4491
vt 10.8423 22.7229
vt 10.8494 23.1212
vt 10.85 14.2318
vt 10.8585 23.024
vt 10.8631 23.1213
vt 10.8689 26.1825
vt 10.8964 29.6771
vt 10.8997 26.3954
vt 10.9009 37.1411
vt 10.9233 21.2492
vt 10.9496 21.4342
vt 10.9508 32.3066
vt 10.9521 35.6358
vt 10.954 35.7012
vt 10.9861 30.1164
vt 10.996 30.6165
vt 10.9971 30.5608
vt 11.0077 30.2692
vt 11.0402 27.9265
vt 11.0517 22.8085
vt 11.0517 22.8941
vt 11.0531 28.1684
vt 11.0569 26.5533
vt 11.0578 37.1186
vt 11.0583 18.4843
vt 11.063 13.6031
vt 11.0634 19.1607
vt 11.0704 15.566
vt 11.0725 29.8526
vt 11.0825 37.2761
vt 11.0899 38.062
vt 11.0964 26.1871
vt 11.0982 22.9582
vt 11.1008 15.6708
vt 11.1063 32.2202
vt 11.1126 22.6536
vt 11.1298 18.7696
vt 11.1302 18.6127
vt 11.1385 38.236
vt 11.1403 14.7443
vt 11.1431 37.9314
vt 11.1441 22.8867
vt 11.146 21.4379
vt 11.1534 15.735
vt 11.1585 22.8085
vt 11.1651 18.4843
vt 11.1716 18.403
vt 11.1771 22.8175
vt 11.1804 23.0895
vt 11.1819 18.7271
vt 11.1901 31.7915
vt 11.195 22.8085
vt 11.2319 20.8691
vt 11.2522 7.0086
vt 11.2522 17.5204
vt 11.2533 26.3448
vt 11.2586 18.7465
vt 11.2644 5.6286
vt 11.2669 15.57
vt 11.2742 26.56
vt 11.2849 27.1286
vt 11.2912 32.0149
vt 11.2917 15.7735
vt 11.2939 27.0479
vt 11.3087 18.0868
vt 11.3092 26.5619
vt 11.3164 17.3559
vt 11.3173 31.9191
vt 11.3196 15.6344
vt 11.3195 35.7441
vt 11.3198 6.9913
vt 11.3294 18.7932
vt 11.3298 18.7048
vt 11.3325 18.0605
vt 11.3449 29.3848
vt 11.3581 27.5482
vt 11.3613 26.5008
vt 11.3693 16.2648
vt 11.3813 31.9308
vt 11.393 14.8397
vt 11.3979 13.5367
vt 11.4065 13.6117
vt 11.4182 17.3181
vt 11.427 16.6162
vt 11.431 16.1998
vt 11.4388 13.8299
vt 11.443 18.7124
vt 11.4492 20.8757
vt 11.4537 26.4932
vt 11.4543 21.0581
vt 11.4787 16.6854
vt 11.5092 16.2591
vt 11.5103 33.1416
vt 11.5226 29.5588
vt 11.5431 19.1439
vt 11.5454 29.6868
vt 11.5581 17.3126
vt 11.5744 29.3488
vt 11.5745 29.2534
vt 11.5756 13.7231
vt 11.5919 16.6934
vt 11.5977 5.2569
vt 11.6035 5.1742
vt 11.6125 5.2609
vt 11.6364 9.5378
vt 11.6564 33.1349
vt 11.6642 33.0523
vt 11.7039 20.4371
vt 11.7285 14.7764
vt 11.7301 19.0907
vt 11.8043 5.7525
vt 11.8071 4.8496
vt 11.817 5.6498
vt 11.8271 13.8214
vt 11.8482 25.7659
vt 11.859 34.4027
vt 11.8604 35.9282
vt 11.8646 29.6599
vt 11.8815 8.5726
vt 11.9146 9.6119
vt 11.9331 5.1646
vt 11.9423 32.6892
vt 11.948 5.1688
vt 11.9902 28.2524
vt 12.0028 32.6871
vt 12.0179 28.1312
vt 12.0261 25.8122
vt 12.0307 32.6034
vt 12.039 37.313
vt 12.057 5.2598
vt 12.0577 37.2099
vt 12.0765 25.8534
vt 12.0809 9.5371
vt 12.099 19.0411
vt 12.1023 8.4869
vt 12.1108 20.4209
vt 12.1126 25.7958
vt 12.1155 25.6924
vt 12.1258 20.3458
vt 12.1404 11.6171
vt 12.1532 35.9177
vt 12.1658 25.7337
vt 12.1843 11.5699
vt 12.2257 34.4233
vt 12.23 34.4979
vt 12.2582 20.8815
vt 12.2647 41.3587
vt 12.2658 41.2701
vt 12.2715 11.6212
vt 12.2995 27.866
vt 12.3199 38.4717
vt 12.3503 37.1964
vt 12.3682 8.7925
vt 12.3792 8.5658
vt 12.3879 41.499
vt 12.3901 35.8097
vt 12.3912 20.858
vt 12.4154 8.8984
vt 12.4188 20.9146
vt 12.4249 28.1145
vt 12.4431 4.8236
vt 12.4539 29.6123
vt 12.4657 38.4598
vt 12.4762 19.8281
vt 12.4796 33.1533
vt 12.4811 38.5558
vt 12.4992 8.7981
vt 12.5011 19.8864
vt 12.5039 33.0038
vt 12.5119 29.0805
vt 12.5144 29.1383
vt 12.5402 11.0998
vt 12.55 4.917
vt 12.5802 34.5751
vt 12.5833 4.8534
vt 12.5915 4.6983
vt 12.602 34.5082
vt 12.6067 29.51
vt 12.6267 11.1525
vt 12.6362 9.3829
vt 12.6368 19.8616
vt 12.6641 27.8103
vt 12.6664 27.8822
vt 12.6675 11.038
vt 12.6685 29.5081
vt 12.6987 29.437
vt 12.6993 32.3348
vt 12.7196 20.4644
vt 12.7233 38.5086
vt 12.7338 38.606
vt 12.7348 4.7595
vt 12.739 9.3389
vt 12.745 4.6771
vt 12.7603 34.5942
vt 12.7922 9.4586
vt 12.8703 38.1176
vt 12.8789 29.0813
vt 12.8861 38.5895
vt 12.8875 29.4713
vt 12.8909 34.2252
vt 12.8983 20.5284
vt 12.8996 20.4496
vt 12.9236 4.3017
vt 12.9329 23.4959
vt 12.942 33.0928
vt 12.9605 38.2974
vt 12.9653 33.0865
vt 12.9801 38.363
vt 12.9913 23.3505
vt 12.9972 23.5059
vt 13.0464 29.5695
vt 13.0498 34.3099
vt 13.054 41.0231
vt 13.0618 41.1227
vt 13.062 34.2426
vt 13.0861 5.4637
vt 13.1295 41.1137
vt 13.1379 32.4217
vt 13.1596 4.2071
vt 13.1963 7.6158
vt 13.1963 16.9391
vt 13.2014 23.3412
vt 13.2044 5.145
vt 13.2059 32.8928
vt 13.2073 23.4967
vt 13.2104 20.6047
vt 13.2398 13.4351
vt 13.2464 13.4978
vt 13.2573 17.4817
vt 13.2654 7.6059
vt 13.269 20.6217
vt 13.272 7.6158
vt 13.272 16.9391
vt 13.2729 20.7699
vt 13.2735 23.3627
vt 13.2882 13.8344
vt 13.2893 29.5348
vt 13.2916 32.289
vt 13.2963 33.0495
vt 13.3013 4.2719
vt 13.3225 23.6073
vt 13.3512 4.314
vt 13.353 29.2272
vt 13.363 13.8979
vt 13.3718 29.5248
vt 13.3724 23.6934
vt 13.3797 4.3501
vt 13.3827 35.4782
vt 13.3923 38.0054
vt 13.3928 13.4873
vt 13.396 38.0767
vt 13.4096 23.6284
vt 13.4227 20.6022
vt 13.4383 20.5273
vt 13.4491 21.1625
vt 13.479 24.8938
vt 13.486 38.2538
vt 13.4972 13.7611
vt 13.5225 22.78
vt 13.5441 28.6037
vt 13.5513 21.0372
vt 13.5622 37.326
vt 13.5724 20.6
vt 13.5815 22.7289
vt 13.6096 22.8011
vt 13.6154 25.3907
vt 13.6176 4.2604
vt 13.6266 21.1235
vt 13.6311 25.3212
vt 13.6662 24.9086
vt 13.6751 24.8402
vt 13.6938 28.6015
vt 13.7039 28.7003
vt 13.704 38.0663
vt 13.7133 35.4373
vt 13.7203 35.5687
vt 13.7403 38.1445
vt 13.7522 38.5391
vt 13.7838 32.7722
vt 13.7909 37.2016
vt 13.8007 38.6909
vt 13.8115 25.337
vt 13.8192 21.3687
vt 13.8631 21.4845
vt 13.8663 32.7613
vt 13.8766 32.9275
vt 13.8824 37.2362
vt 13.8849 38.2476
vt 13.9232 38.6657
vt 13.9309 8.7095
vt 13.9409 11.7638
vt 13.9656 21.3594
vt 13.9791 8.8313
vt 13.9957 27.8853
vt 14.0203 37.886
vt 14.0509 34.0151
vt 14.0566 34.1497
vt 14.0657 8.7586
vt 14.0681 16.6357
vt 14.0704 27.3603
vt 14.073 16.7065
vt 14.093 11.8187
vt 14.1762 16.4033
vt 14.1788 17.3738
vt 14.1897 38.0126
vt 14.1999 38.0652
vt 14.2026 16.8314
vt 14.2372 17.3915
vt 14.2513 27.3445
vt 14.252 16.7185
vt 14.2952 19.662
vt 14.3195 11.7492
vt 14.36 16.4864
vt 14.3633 16.419
vt 14.3671 19.684
vt 14.3674 33.6749
vt 14.3902 34.0988
vt 14.4012 16.3007
vt 14.4262 28.1138
vt 14.4294 16.2088
vt 14.4994 39.4521
vt 14.5022 39.6387
vt 14.5055 19.2563
vt 14.517 33.5375
vt 14.5258 29.1099
vt 14.5286 33.6653
vt 14.5597 18.4503
vt 14.5956 22.5252
vt 14.6124 16.2337
vt 14.6271 29.072
vt 14.6456 28.3547
vt 14.6504 28.9498
vt 14.6608 39.5104
vt 14.6771 22.3845
vt 14.679 22.6565
vt 14.6789 27.5717
vt 14.693 18.5244
vt 14.7042 13.7101
vt 14.7388 13.359
vt 14.7567 39.4687
vt 14.7748 31.4608
vt 14.7799 31.5163
vt 14.7798 32.0407
vt 14.7825 18.4562
vt 14.7983 31.9581
vt 14.8001 32.7024
vt 14.8115 37.6381
vt 14.8584 38.8214
vt 14.8687 31.9639
vt 14.8761 13.6493
vt 14.8957 13.4081
vt 14.9099 31.4333
vt 14.9107 13.4717
vt 14.9189 39.5248
vt 14.927 13.7165
vt 14.9383 32.6217
vt 14.9404 32.7021
vt 14.9567 13.1414
vt 14.9682 13.0549
vt 14.9726 37.6263
vt 14.9845 37.7597
vt 14.9986 38.8208
vt 15.0366 38.9377
vt 15.1393 13.1689
vt 15.1889 39.1502
vt 15.2536 2.0478
vt 15.3211 26.0712
vt 15.3347 36.3581
vt 15.3612 25.9061
vt 15.3916 26.0765
vt 15.398 29.7181
vt 15.3984 37.1189
vt 15.4057 37.0899
vt 15.4191 36.3328
vt 15.4251 1.5133
vt 15.4285 36.3859
vt 15.4526 29.8389
vt 15.4723 5.3539
vt 15.5425 41.9641
vt 15.5443 5.3598
vt 15.5573 15.2478
vt 15.5619 37.6735
vt 15.5627 5.431
vt 15.5751 29.6771
vt 15.5787 37.0971
vt 15.5974 1.6523
vt 15.5977 37.7357
vt 15.6035 41.9541
vt 15.625 32.6016
vt 15.6288 42.0445
vt 15.6319 5.302
vt 15.6369 5.3715
vt 15.6703 21.3264
vt 15.6903 15.1995
vt 15.6997 15.1195
vt 15.7057 21.3907
vt 15.7225 5.3797
vt 15.7234 21.0166
vt 15.7468 21.3395
vt 15.753 32.5156
vt 15.7543 32.5764
vt 15.7827 20.909
vt 15.7999 21.0297
vt 15.8284 24.7762
vt 15.853 42.2426
vt 15.8752 24.9303
vt 15.8963 18.3812
vt 15.9059 37.5435
vt 15.9421 24.7893
vt 15.9657 18.2402
vt 15.9681 26.8854
vt 15.988 27.1088
vt 16.0125 37.2283
vt 16.0167 42.0839
vt 16.0489 18.2206
vt 16.0867 20.2517
vt 16.0888 42.2181
vt 16.0916 25.6354
vt 16.0962 42.3563
vt 16.1347 5.4873
vt 16.14 2.6095
vt 16.151 5.4309
vt 16.1611 15.8852
vt 16.1611 37.0187
vt 16.1679 22.3234
vt 16.1735 28.0429
vt 16.177 20.1846
vt 16.177 22.4016
vt 16.177 27.9618
vt 16.1846 28.0596
vt 16.1914 27.1226
vt 16.2069 20.2426
vt 16.2122 2.5248
vt 16.2446 16.0362
vt 16.2479 5.4626
vt 16.2873 5.0312
vt 16.2951 25.6492
vt 16.295 42.1863
vt 16.2989 22.4016
vt 16.2989 27.9618
vt 16.299 28.0576
vt 16.31 27.9784
vt 16.3103 34.6192
vt 16.3138 37.1092
vt 16.326 42.0072
vt 16.3344 25.8607
vt 16.3352 34.308
vt 16.3399 34.3909
vt 16.3407 34.4576
vt 16.3417 42.1314
vt 16.351 16.0019
vt 16.4314 34.5675
vt 16.4339 5.0918
vt 16.4358 42.2936
vt 16.4496 34.3056
vt 16.4533 12.5045
vt 16.454 25.7506
vt 16.4757 9.1639
vt 16.4854 25.9208
vt 16.4903 20.4069
vt 16.5017 12.5735
vt 16.5312 20.2713
vt 16.5473 12.5305
vt 16.5667 42.1158
vt 16.5736 20.3877
vt 16.597 21.601
vt 16.6253 9.2678
vt 16.6308 28.542
vt 16.637 5.0121
vt 16.6444 25.6027
vt 16.6448 28.6404
vt 16.7036 2.7806
vt 16.7123 21.6029
vt 16.7144 9.1979
vt 16.7181 28.4204
vt 16.7279 21.6794
vt 16.7734 28.6319
vt 16.8278 10.6498
vt 16.8382 28.4111
vt 16.8608 28.5101
vt 16.8691 40.9217
vt 16.8801 41.8207
vt 16.8818 41.8898
vt 16.8928 40.996
vt 16.91 34.2063
vt 16.9178 10.5892
vt 16.9398 34.5661
vt 16.943 10.6522
vt 17.0023 34.3149
vt 17.0094 34.1636
vt 17.0714 33.7124
vt 17.0913 33.8392
vt 17.1176 20.473
vt 17.1209 20.3943
vt 17.1636 41.982
vt 17.1959 40.8377
vt 17.1999 33.7028
vt 17.2052 24.4738
vt 17.249 24.6773
vt 17.2639 20.3797
vt 17.3267 34.3644
vt 17.3438 34.4981
vt 17.3875 20.3221
vt 17.432 41.324
vt 17.4492 24.6977
vt 17.4584 9.4536
vt 17.5393 20.1497
vt 17.5588 20.3356
vt 17.563 9.3751
vt 17.5768 9.4671
vt 17.6507 19.0084
vt 17.683 20.421
vt 17.6899 8.5011
vt 17.725 8.553
vt 17.7309 20.6135
vt 17.7315 41.159
vt 17.7351 19.0882
vt 17.749 19.0104
vt 17.7507 41.229
vt 17.766 26.2554
vt 17.8082 8.5156
vt 17.8149 26.0399
vt 17.8831 20.4414
vt 17.891 26.0681
vt 17.9101 9.9463
vt 17.9146 7.8752
vt 18.0016 38.1444
vt 18.0026 9.8808
vt 18.0084 9.9489
vt 18.0207 13.202
vt 18.0295 7.8601
vt 18.0647 7.9426
vt 18.0676 37.9672
vt 18.0806 23.9299
vt 18.0944 18.6032
vt 18.0944 23.8516
vt 18.1035 38.0896
vt 18.1091 18.5229
vt 18.1574 5.5721
vt 18.1919 13.2169
vt 18.193 18.6032
vt 18.193 23.8516
vt 18.2042 27.0259
vt 18.2066 13.325
vt 18.2418 26.8495
vt 18.2815 34.6061
vt 18.2893 27.0419
vt 18.3666 5.51
vt 18.3768 12.1318
vt 18.3829 12.0565
vt 18.386 34.4666
vt 18.3929 5.6239
vt 18.4113 34.5866
vt 18.4695 12.0752
vt 18.7596 39.9888
vt 18.8317 36.5736
vt 18.8836 22.658
vt 18.9557 25.1786
vt 18.982 36.5972
vt 18.9917 36.5274
vt 19.0427 39.7537
vt 19.0456 25.1766
vt 19.0526 28.4897
vt 19.0678 25.0997
vt 19.0811 39.8104
vt 19.0904 28.3366
vt 19.1072 22.2583
vt 19.1509 28.4546
vt 19.1587 29.1488
vt 19.1924 22.2741
vt 19.2079 28.9057
vt 19.2163 29.0961
vt 19.2331 34.5837
vt 19.2665 26.6363
vt 19.3042 38.7002
vt 19.3137 38.5383
vt 19.3143 34.6473
vt 19.316 26.8283
vt 19.3229 34.5812
vt 19.3441 26.6649
vt 19.4298 38.4761
vt 19.4841 38.6645
vt 19.6131 38.6403
vt 19.6156 40.2053
vt 19.6426 38.7638
vt 19.6962 7.3866
vt 19.7245 40.2614
vt 19.7254 7.4713
vt 19.7635 7.4408
vt 19.8384 20.5576
vt 19.8736 41.1627
vt 19.8847 20.4023
vt 19.8921 29.8986
vt 19.9146 20.5856
vt 19.9812 27.7243
vt 19.9824 29.7272
vt 19.9955 27.653
vt 20.0448 40.1724
vt 20.0772 29.7441
vt 20.1332 27.7426
vt 20.1416 27.7987
vt 20.1558 28.0404
vt 20.172 39.5856
vt 20.1994 39.6515
vt 20.2625 27.6087
vt 20.269 41.0552
vt 20.2942 39.5362
vt 20.3024 41.1256
vt 20.3142 28.0143
vt 20.3688 27.0426
vt 20.3866 4.2302
vt 20.3941 27.7891
vt 20.4091 28.0308
vt 20.419 4.3424
vt 20.4239 30.2029
vt 20.4315 26.8997
vt 20.456 38.194
vt 20.4665 27.0411
vt 20.4839 4.2886
vt 20.5091 26.8998
vt 20.5216 30.2013
vt 20.5233 37.9514
vt 20.5484 30.3591
vt 20.5599 38.0802
vt 20.6154 38.2164
vt 20.6176 38.1866
vt 20.6336 39.7179
vt 20.6471 26.9888
vt 20.66 26.9188
vt 20.6851 38.0451
vt 20.8548 0.9891
vt 20.9062 22.1988
vt 20.927 39.9053
vt 20.984 22.227
vt 20.989 22.1459
vt 21.0836 39.8488
vt 21.1344 1.0831
vt 21.2567 16.1195
vt 21.2804 27.4152
vt 21.3206 24.6179
vt 21.3414 27.2787
vt 21.3722 16.3473
vt 21.3746 16.4197
vt 21.3757 32.8223
vt 21.3929 32.9009
vt 21.4033 16.1366
vt 21.4062 16.0657
vt 21.4102 24.6172
vt 21.4311 27.278
vt 21.4421 1.1791
vt 21.4453 0.6157
vt 21.4609 32.8804
vt 21.5062 1.1651
vt 21.5145 28.4208
vt 21.5242 16.3662
vt 21.5846 28.6496
vt 21.5939 1.217
vt 21.5977 28.4553
vt 21.6292 24.2339
vt 21.6295 42.2328
vt 21.6521 29.4753
vt 21.683 29.6272
vt 21.6858 5.095
vt 21.6941 5.2116
vt 21.725 29.3827
vt 21.7274 41.7311
vt 21.748 41.8022
vt 21.7608 5.1557
vt 21.7781 42.2416
vt 21.7934 42.309
vt 21.8965 41.8103
vt 21.9109 24.8043
vt 21.9857 25.1599
vt 22.021 24.9757
vt 22.0869 16.4703
vt 22.0873 28.4219
vt 22.1062 16.5302
vt 22.1745 16.445
vt 22.2271 28.9676
vt 22.2363 28.9159
vt 22.239 5.2748
vt 22.2475 28.4378
vt 22.2689 35.5159
vt 22.2782 4.0192
vt 22.2836 28.375
vt 22.2947 5.2294
vt 22.3028 26.3005
vt 22.3407 35.5404
vt 22.3561 35.3725
vt 22.3652 4.0633
vt 22.3719 5.2761
vt 22.3756 35.4713
vt 22.3807 35.3069
vt 22.411 4.0207
vt 22.4247 28.9204
vt 22.4521 35.3312
vt 22.4541 28.5557
vt 22.4913 26.305
vt 22.5233 26.5269
vt 22.5493 28.1214
vt 22.6223 28.3493
vt 22.6292 28.7734
vt 22.7092 28.7595
vt 22.7679 29.1431
vt 22.7778 28.6339
vt 22.8095 30.8748
vt 22.821 31.1843
vt 22.8244 28.8285
vt 22.833 30.8704
vt 22.9717 25.6609
vt 22.9863 19.2271
vt 22.9862 25.8685
vt 22.9903 25.4265
vt 22.9918 28.6213
vt 23.0132 25.3111
vt 23.0363 19.1892
vt 23.0728 25.3732
vt 23.0858 19.2656
vt 23.1227 24.6122
vt 23.1436 32.3069
vt 23.1481 24.4764
vt 23.1513 32.2937
vt 23.1671 32.3024
vt 23.1931 25.8863
vt 23.2064 24.6456
vt 23.277 22.4863
vt 23.317 22.6781
vt 23.484 22.5039
vt 23.5002 2.2861
vt 23.7129 16.8315
vt 23.7153 4.1685
vt 23.7601 16.7868
vt 23.7613 16.9181
vt 23.7629 2.3711
vt 23.7706 25.3989
vt 23.7808 4.0884
vt 23.7846 25.4913
vt 23.7962 4.2043
vt 23.8088 35.1519
vt 23.8263 23.1664
vt 23.8448 25.3843
vt 23.9933 22.9922
vt 24.0133 9.0867
vt 24.0164 1.3344
vt 24.0229 8.9941
vt 24.0395 23.1952
vt 24.0572 35.0001
vt 24.1093 4.3647
vt 24.1249 16.4971
vt 24.1255 1.1361
vt 24.1346 8.9812
vt 24.139 1.8721
vt 24.1498 16.5573
vt 24.1729 35.0404
vt 24.1758 29.3568
vt 24.2066 4.3283
vt 24.21 4.4024
vt 24.2239 16.5369
vt 24.2484 4.4673
vt 24.254 4.3939
vt 24.2608 29.3437
vt 24.3113 29.028
vt 24.3454 4.4314
vt 24.3768 18.8731
vt 24.4218 18.8249
vt 24.4382 19.0693
vt 24.4465 1.303
vt 24.5258 38.5547
vt 24.5464 38.6702
vt 24.6065 38.6044
vt 24.6284 19.097
vt 24.6349 18.8542
vt 24.6544 1.0497
vt 24.6733 19.0489
vt 24.8302 38.4825
vt 24.884 36.678
vt 24.8921 33.178
vt 24.9046 33.1017
vt 24.9201 15.0692
vt 24.9249 1.107
vt 24.9332 38.43
vt 24.9517 36.7276
vt 24.9535 38.5909
vt 24.9631 36.6595
vt 24.9766 1.2243
vt 24.9895 33.0875
vt 25.0027 14.98
vt 25.0321 15.0594
vt 25.1423 12.3878
vt 25.1658 35.2411
vt 25.1697 35.1735
vt 25.1887 14.9358
vt 25.2178 15.0153
vt 25.247 12.2451
vt 25.2733 14.8577
vt 25.2884 38.7237
vt 25.3029 12.4083
vt 25.3526 38.7968
vt 25.3595 42.1203
vt 25.3657 38.6082
vt 25.4149 41.9542
vt 25.469 42.0574
vt 25.4859 35.319
vt 25.562 12.5481
vt 25.6454 12.7207
vt 25.7517 12.5791
vt 25.7811 42.458
vt 25.9449 42.5987
vt 25.9476 42.4823
vt 25.9637 37.8236
vt 25.9936 28.6222
vt 26.0156 17.0228
vt 26.0183 42.2374
vt 26.0185 16.8916
vt 26.0319 25.8385
vt 26.0329 3.0423
vt 26.0591 41.9274
vt 26.06 16.982
vt 26.0634 25.6536
vt 26.064 37.6382
vt 26.0714 19.838
vt 26.1167 13.6578
vt 26.1242 42.0343
vt 26.1417 3.1959
vt 26.1446 19.757
vt 26.1452 28.6503
vt 26.1553 28.5782
vt 26.1607 13.6366
vt 26.1607 38.2322
vt 26.167 19.8124
vt 26.1695 13.7215
vt 26.1741 41.8666
vt 26.1915 37.7416
vt 26.197 25.8021
vt 26.2142 42.693
vt 26.2238 38.1997
vt 26.2531 38.3133
vt 26.2648 42.7657
vt 26.2892 3.209
vt 26.4419 41.5007
vt 26.4964 30.628
vt 26.521 41.3072
vt 26.6121 40.1079
vt 26.6254 25.9205
vt 26.6443 40.3031
vt 26.6572 30.7425
vt 26.6602 25.8458
vt 26.6682 25.8043
vt 26.6881 41.3264
vt 26.6918 25.9424
vt 26.6931 42.3732
vt 26.7037 40.1917
vt 26.7046 25.9028
vt 26.7346 25.8261
vt 26.7561 42.1262
vt 26.8185 30.6972
vt 26.8239 42.2468
vt 26.851 41.0243
vt 26.9078 40.8283
vt 26.9777 41.2091
vt 27.0337 16.2748
vt 27.054 16.1645
vt 27.0786 34.6239
vt 27.0803 16.233
vt 27.091 34.7113
vt 27.1497 34.6684
vt 27.2096 27.595
vt 27.3294 34.92
vt 27.3944 24.5153
vt 27.4012 24.5821
vt 27.413 27.2032
vt 27.4175 24.5899
vt 27.4381 27.3963
vt 27.5052 34.9621
vt 27.5052 35.0299
vt 27.6055 21.1378
vt 27.6684 21.1551
vt 27.7159 21.309
vt 27.7386 17.7408
vt 27.7671 17.6654
vt 27.827 17.667
vt 27.8914 32.8212
vt 27.9328 12.906
vt 27.9432 12.8415
vt 27.9503 1.6857
vt 27.9927 12.9078
vt 28.0555 32.7805
vt 28.0711 1.8744
vt 28.0853 33.2197
vt 28.0963 1.7105
vt 28.225 16.7239
vt 28.2434 22.6558
vt 28.272 22.8322
vt 28.2983 16.7012
vt 28.2993 16.6315
vt 28.3163 27.0291
vt 28.3256 32.2554
vt 28.341 29.8358
vt 28.3432 27.2219
vt 28.3706 10.8145
vt 28.3716 16.8249
vt 28.3765 16.7526
vt 28.4043 32.2358
vt 28.406 18.0311
vt 28.4458 16.7327
vt 28.449 10.7834
vt 28.4489 26.8943
vt 28.4554 32.3365
vt 28.4706 29.8279
vt 28.4863 10.8663
vt 28.4892 29.6712
vt 28.4935 32.6957
vt 28.4962 33.3952
vt 28.4964 33.46
vt 28.511 28.6325
vt 28.5216 22.8642
vt 28.5276 33.1346
vt 28.5891 33.0341
vt 28.5975 17.8791
vt 28.6507 18.0778
vt 28.6751 33.5
vt 28.7052 28.8778
vt 28.7059 28.3349
vt 28.7248 28.7389
vt 28.7634 28.4408
vt 28.7651 34.7817
vt 28.7657 34.7739
vt 28.815 27.4534
vt 28.8236 27.3872
vt 28.8433 18.4848
vt 28.8444 34.8816
vt 28.8748 34.7933
vt 28.877 30.7849
vt 28.8951 34.7647
vt 28.9005 18.6685
vt 28.9089 34.9328
vt 28.9189 28.4408
vt 28.9499 31.3634
vt 28.9877 27.4971
vt 28.9957 30.2707
vt 29.0033 31.4739
vt 29.027 25.1629
vt 29.0477 27.6364
vt 29.0506 30.2443
vt 29.0574 27.4709
vt 29.0807 30.4758
vt 29.0807 31.4428
vt 29.0928 18.5176
vt 29.1216 30.2834
vt 29.1358 30.4492
vt 29.1791 27.5004
vt 29.1848 39.7526
vt 29.2322 28.1272
vt 29.2453 24.9726
vt 29.2636 39.9245
vt 29.2668 23.719
vt 29.2672 25.1796
vt 29.2969 21.2671
vt 29.3455 27.9792
vt 29.3581 28.1394
vt 29.3725 39.8257
vt 29.3863 9.8039
vt 29.3884 9.7361
vt 29.406 23.8048
vt 29.4464 23.9321
vt 29.5023 9.7918
vt 29.5372 21.2837
vt 29.5496 31.4355
vt 29.5504 28.2882
vt 29.5549 28.368
vt 29.5746 21.476
vt 29.6264 28.1722
vt 29.634 28.3668
vt 29.6443 31.4068
vt 29.6647 28.3774
vt 29.6704 31.4671
vt 29.7045 32.671
vt 29.7465 28.2182
vt 29.7854 27.7879
vt 29.7938 32.7028
vt 29.8071 27.5502
vt 29.8188 32.6197
vt 29.8249 25.8231
vt 29.8277 26.0186
vt 29.9398 27.414
vt 29.982 11.6808
vt 29.9836 39.9058
vt 30.0004 13.0864
vt 30.0054 27.7922
vt 30.0139 39.1591
vt 30.0243 29.894
vt 30.045 25.8273
vt 30.0478 29.9502
vt 30.0822 13.0569
vt 30.0894 39.8038
vt 30.0935 13.1356
vt 30.1116 27.5159
vt 30.1194 27.4496
vt 30.1455 29.9242
vt 30.1591 22.8958
vt 30.1652 22.8148
vt 30.1869 11.4773
vt 30.2117 33.1767
vt 30.2252 11.7349
vt 30.2277 33.2413
vt 30.2601 3.2039
vt 30.2795 19.3829
vt 30.2795 27.3389
vt 30.2811 22.9245
vt 30.2887 11.9158
vt 30.3406 19.5471
vt 30.341 33.188
vt 30.3862 19.7113
vt 30.3864 19.2962
vt 30.3948 27.4268
vt 30.3974 19.3829
vt 30.3974 27.3389
vt 30.4034 11.3841
vt 30.4137 3.255
vt 30.4339 39.9114
vt 30.4498 19.5362
vt 30.459 19.6137
vt 30.4643 39.1642
vt 30.4818 3.4145
vt 30.5074 39.2242
vt 30.566 19.5271
vt 30.6596 19.759
vt 30.6753 33.2778
vt 30.7074 11.6226
vt 30.7653 33.0603
vt 30.7738 6.2762
vt 30.7823 6.3738
vt 30.7992 27.2794
vt 30.8114 27.2003
vt 30.9091 12.2599
vt 30.9167 33.2115
vt 30.9287 27.2887
vt 30.9343 12.1965
vt 30.9434 39.4343
vt 30.9497 39.2063
vt 31.0258 12.2485
vt 31.0276 33.5244
vt 31.0335 21.1509
vt 31.0335 26.8972
vt 31.0408 39.1884
vt 31.0482 33.4637
vt 31.1295 26.8116
vt 31.151 26.9852
vt 31.1598 6.2142
vt 31.1628 21.1509
vt 31.1628 26.8972
vt 31.1711 21.0652
vt 31.188 26.7677
vt 31.1935 27.742
vt 31.197 34.6411
vt 31.2234 40.304
vt 31.2335 26.9158
vt 31.2699 34.745
vt 31.2726 34.6057
vt 31.2873 27.4107
vt 31.2881 32.6214
vt 31.3215 11.6886
vt 31.3507 17.6327
vt 31.3815 15.3232
vt 31.3817 17.7115
vt 31.3923 40.3837
vt 31.4104 17.603
vt 31.4154 11.6348
vt 31.4211 27.5608
vt 31.4303 40.1782
vt 31.4379 15.2203
vt 31.4502 7.1015
vt 31.4538 11.734
vt 31.4697 15.3211
vt 31.4904 17.1168
vt 31.5079 14.2316
vt 31.5313 21.4094
vt 31.5485 33.5754
vt 31.5608 14.3698
vt 31.5684 17.9017
vt 31.6195 21.4075
vt 31.6468 21.5195
vt 31.6581 17.2315
vt 31.6627 17.1619
vt 31.6646 12.1878
vt 31.6939 12.2958
vt 31.7745 26.1199
vt 31.7804 14.2841
vt 31.7839 32.6654
vt 31.7891 32.7301
vt 31.801 26.0623
vt 31.808 12.2567
vt 31.8327 6.9542
vt 31.8339 17.9321
vt 31.8487 22.4909
vt 31.8695 22.4146
vt 31.87 25.7989
vt 31.8847 18.1177
vt 31.9275 39.7208
vt 31.9294 25.9801
vt 31.985 26.1266
vt 31.9865 22.4056
vt 32.0298 39.5797
vt 32.034 26.0838
vt 32.0347 21.4119
vt 32.048 5.6784
vt 32.0931 21.5811
vt 32.1205 25.6177
vt 32.1266 25.8132
vt 32.1284 15.4775
vt 32.158 11.2987
vt 32.1696 34.7546
vt 32.1989 6.9643
vt 32.2014 39.6534
vt 32.2138 21.6255
vt 32.2973 34.7197
vt 32.3226 26.1063
vt 32.3302 28.2994
vt 32.3313 15.3836
vt 32.3585 34.6198
vt 32.3613 31.3649
vt 32.4076 5.5998
vt 32.414 5.6924
vt 32.4288 31.4711
vt 32.4677 39.1083
vt 32.4966 28.5832
vt 32.518 28.2832
vt 32.5448 11.1857
vt 32.5462 39.2162
vt 32.5471 11.2604
vt 32.5617 19.2601
vt 32.5685 31.1441
vt 32.6258 20.8631
vt 32.6383 34.1057
vt 32.6496 39.2245
vt 32.6563 15.5539
vt 32.6753 15.1292
vt 32.6846 34.0655
vt 32.7132 15.212
vt 32.7331 15.1052
vt 32.7346 13.2235
vt 32.7388 20.8817
vt 32.7421 15.8405
vt 32.7692 20.7905
vt 32.7703 34.1342
vt 32.7769 31.1463
vt 32.7952 19.1281
vt 32.805 22.8085
vt 32.8141 22.7303
vt 32.8145 15.0841
vt 32.8188 31.0095
vt 32.8235 23.0895
vt 32.8371 19.2932
vt 32.8415 22.8085
vt 32.8429 27.8265
vt 32.8494 27.9078
vt 32.8559 22.8867
vt 32.8755 40.0385
vt 32.8876 31.1147
vt 32.8901 13.31
vt 32.8966 22.9578
vt 32.897 18.309
vt 32.9061 18.39
vt 32.9302 18.0563
vt 32.9428 35.4605
vt 32.9428 40.0569
vt 32.9483 22.8085
vt 32.9483 22.8941
vt 32.9562 27.9078
vt 32.984 27.6445
vt 32.9891 27.2439
vt 33.0062 27.4136
vt 33.0255 32.2012
vt 33.029 23.363
vt 33.0389 17.0683
vt 33.0389 31.4138
vt 33.0456 4.877
vt 33.0475 31.3391
vt 33.0493 27.2994
vt 33.0493 27.7194
vt 33.0574 15.692
vt 33.059 14.1295
vt 33.0601 14.1852
vt 33.0703 4.7195
vt 33.0821 22.8206
vt 33.0865 14.9669
vt 33.0932 18.2769
vt 33.1097 18.3344
vt 33.1135 23.1213
vt 33.1362 29.4292
vt 33.1381 32.1719
vt 33.1415 23.024
vt 33.1503 23.1212
vt 33.1577 22.7229
vt 33.1616 27.426
vt 33.1629 27.3642
vt 33.1922 36.6025
vt 33.2061 18.2964
vt 33.2189 36.5175
vt 33.221 18.6298
vt 33.2273 4.742
vt 33.2425 36.9812
vt 33.2513 31.8425
vt 33.2762 27.3566
vt 33.2766 27.445
vt 33.2766 33.9403
vt 33.2797 13.2069
vt 33.2827 34.0795
vt 33.2831 12.7549
vt 33.2876 29.4126
vt 33.2889 27.7395
vt 33.2909 12.8376
vt 33.2959 17.0241
vt 33.3017 16.7394
vt 33.3026 16.877
vt 33.3077 14.1092
vt 33.3134 18.6373
vt 33.3175 36.6324
vt 33.3281 22.8309
vt 33.3355 29.5712
vt 33.3384 15.0061
vt 33.3477 15.1879
vt 33.3477 22.992
vt 33.3494 28.1307
vt 33.3517 34.0286
vt 33.3562 16.806
vt 33.3569 29.2398
vt 33.3574 15.7014
vt 33.3583 30.0285
vt 33.3592 22.8037
vt 33.3655 18.6985
vt 33.3693 33.2712
vt 33.3705 17.2492
vt 33.3759 6.8343
vt 33.3824 31.4053
vt 33.3851 27.8318
vt 33.3866 14.9765
vt 33.3875 35.4823
vt 33.3927 6.764
vt 33.4174 14.8891
vt 33.4176 16.7059
vt 33.4214 37.8012
vt 33.4252 31.3005
vt 33.4284 37.0997
vt 33.434 37.9039
vt 33.4369 12.8442
vt 33.4488 29.5633
vt 33.4508 36.5653
vt 33.4512 18.3757
vt 33.4532 19.5954
vt 33.4564 33.3381
vt 33.4692 23.1465
vt 33.4729 33.2762
vt 33.4775 36.8947
vt 33.4816 9.4879
vt 33.4843 18.1232
vt 33.4844 18.0512
vt 33.4981 31.4662
vt 33.5004 29.494
vt 33.5215 7.4558
vt 33.5252 14.998
vt 33.5313 27.4388
vt 33.5331 6.819
vt 33.5344 15.1798
vt 33.5349 27.7502
vt 33.5435 36.694
vt 33.5452 22.7303
vt 33.5518 23.2914
vt 33.5615 23.1145
vt 33.5714 9.2974
vt 33.5736 10.9516
vt 33.5748 35.4605
vt 33.5748 40.0569
vt 33.5757 36.5933
vt 33.5758 23.3495
vt 33.5765 31.2827
vt 33.5827 14.1461
vt 33.5842 22.8451
vt 33.5876 19.0506
vt 33.5915 14.2364
vt 33.5941 31.4299
vt 33.6095 19.1429
vt 33.6113 23.0214
vt 33.6125 29.1949
vt 33.6133 16.8803
vt 33.6197 22.8982
vt 33.6209 31.0563
vt 33.6288 14.2867
vt 33.6372 23.0287
vt 33.6464 23.0127
vt 33.6501 27.6525
vt 33.6547 7.5117
vt 33.6553 16.9341
vt 33.6552 27.2519
vt 33.6781 30.0232
vt 33.6787 7.4415
vt 33.6883 15.1191
vt 33.6919 22.8127
vt 33.6933 27.5378
vt 33.6938 30.0918
vt 33.6955 23.1855
vt 33.7031 27.2994
vt 33.7031 27.7194
vt 33.7073 30.9967
vt 33.7111 11.0315
vt 33.7223 31.0983
vt 33.7233 22.6668
vt 33.7233 22.803
vt 33.7443 31.062
vt 33.7484 23.4495
vt 33.7724 23.1668
vt 33.7822 27.5645
vt 33.7922 9.4937
vt 33.7938 29.6145
vt 33.7967 31.2633
vt 33.7979 6.1161
vt 33.8006 36.3506
vt 33.8014 30.0287
vt 33.8193 6.0881
vt 33.8301 27.8478
vt 33.8328 36.0857
vt 33.8336 6.2179
vt 33.8448 36.4969
vt 33.8507 29.5686
vt 33.8518 33.1657
vt 33.8537 10.8815
vt 33.8605 6.1939
vt 33.8748 30.0667
vt 33.8943 9.2345
vt 33.8994 37.9532
vt 33.919 9.3091
vt 33.9299 36.0103
vt 33.9418 35.9947
vt 33.9455 20.125
vt 33.9455 20.2283
vt 33.9465 29.9965
vt 33.9702 17.9067
vt 33.972 23.5385
vt 33.9739 37.78
vt 33.9891 36.465
vt 34.0158 10.2494
vt 34.0161 23.7024
vt 34.0181 33.2404
vt 34.0214 9.293
vt 34.0286 8.0336
vt 34.0303 20.2447
vt 34.044 7.9376
vt 34.0455 24.6671
vt 34.0604 23.5822
vt 34.0659 6.1249
vt 34.0765 23.6742
vt 34.0872 38.0242
vt 34.0975 20.036
vt 34.112 37.8993
vt 34.1196 30.7932
vt 34.1312 37.9081
vt 34.139 6.1802
vt 34.1492 37.7897
vt 34.1572 6.4185
vt 34.1821 20.1558
vt 34.1837 24.813
vt 34.1853 35.815
vt 34.1856 25.1168
vt 34.1898 7.9494
vt 34.1934 30.1035
vt 34.1982 24.6889
vt 34.2006 25.1919
vt 34.2087 8.0295
vt 34.2134 29.9079
vt 34.2186 35.8787
vt 34.2303 8.1235
vt 34.2386 31.6335
vt 34.2595 17.5956
vt 34.2595 36.0199
vt 34.2653 36.1026
vt 34.2773 36.0868
vt 34.2891 17.9336
vt 34.2963 33.1664
vt 34.3255 35.7853
vt 34.3366 31.5351
vt 34.3371 31.4967
vt 34.3421 6.1089
vt 34.3432 37.8513
vt 34.3504 26.8035
vt 34.3549 31.7154
vt 34.3667 29.9155
vt 34.3684 31.6394
vt 34.3712 30.6949
vt 34.3736 26.9626
vt 34.3813 10.2065
vt 34.3832 10.141
vt 34.3837 33.6383
vt 34.3849 6.2216
vt 34.386 8.4419
vt 34.3878 20.0683
vt 34.4097 30.1986
vt 34.4163 7.9732
vt 34.4276 25.9906
vt 34.4457 19.1574
vt 34.4537 31.5782
vt 34.4551 25.934
vt 34.4577 33.6826
vt 34.4596 15.6562
vt 34.4667 15.4983
vt 34.4694 34.6431
vt 34.4717 33.7502
vt 34.4803 8.239
vt 34.508 30.8017
vt 34.5269 26.9698
vt 34.5383 8.4583
vt 34.5488 8.3609
vt 34.5605 34.5991
vt 34.562 30.1776
vt 34.5663 33.6442
vt 34.582 30.0097
vt 34.5882 25.9575
vt 34.5881 34.6794
vt 34.6075 25.2082
vt 34.6384 18.3231
vt 34.6606 33.5595
vt 34.6667 27.059
vt 34.6673 35.8197
vt 34.6937 36.1098
vt 34.7176 8.3477
vt 34.7303 31.7752
vt 34.7568 14.1101
vt 34.7638 13.9787
vt 34.7652 36.0866
vt 34.7679 27.8894
vt 34.7903 15.6931
vt 34.7973 18.225
vt 34.8002 31.9625
vt 34.8024 27.0837
vt 34.8181 35.1706
vt 34.8196 16.2833
vt 34.8273 27.0254
vt 34.8299 15.782
vt 34.839 31.9335
vt 34.8446 27.8699
vt 34.8457 12.3196
vt 34.85 12.245
vt 34.8526 19.1741
vt 34.8548 35.285
vt 34.8702 25.3526
vt 34.8803 19.2953
vt 34.8814 33.6452
vt 34.8824 31.7529
vt 34.8973 31.628
vt 34.9 18.8602
vt 34.9028 24.4245
vt 34.9114 35.2243
vt 34.9305 35.2323
vt 34.9315 16.2118
vt 34.941 12.8955
vt 34.9422 6.8687
vt 34.9469 12.7571
vt 34.9478 25.183
vt 34.9567 16.1062
vt 34.9631 28.3036
vt 34.9714 24.5711
vt 34.9733 16.4161
vt 34.9746 35.1074
vt 34.9912 16.1923
vt 35.0002 8.3582
vt 35.0068 31.7858
vt 35.0255 31.2988
vt 35.0339 31.2125
vt 35.0401 18.7717
vt 35.0403 24.8803
vt 35.0526 18.8828
vt 35.0849 35.0702
vt 35.0886 31.1139
vt 35.094 14.0197
vt 35.1173 19.184
vt 35.124 25.3614
vt 35.1263 35.334
vt 35.1274 19.0852
vt 35.1365 35.4164
vt 35.1548 15.7936
vt 35.1567 24.4333
vt 35.1744 24.8076
vt 35.1899 24.8825
vt 35.213 15.5919
vt 35.2167 12.2244
vt 35.2246 6.8822
vt 35.231 18.366
vt 35.2342 18.5145
vt 35.2365 18.4425
vt 35.2531 6.9863
vt 35.2536 27.7278
vt 35.2578 15.7824
vt 35.261 31.3234
vt 35.262 25.7347
vt 35.2681 15.693
vt 35.2691 12.9266
vt 35.2771 19.0875
vt 35.2798 35.3552
vt 35.2866 27.1977
vt 35.2866 36.7193
vt 35.2878 15.8888
vt 35.2924 15.8425
vt 35.2932 36.7095
vt 35.3159 31.2242
vt 35.3206 20.9224
vt 35.328 31.1274
vt 35.3623 27.1977
vt 35.3623 36.7193
vt 35.405 20.7782
vt 35.4119 16.3292
vt 35.4197 17.4015
vt 35.4207 25.7725
vt 35.4225 25.7926
vt 35.4314 20.8792
vt 35.4343 36.6809
vt 35.4403 25.899
vt 35.4423 14.5211
vt 35.4726 23.9194
vt 35.4885 24.0216
vt 35.5063 14.5094
vt 35.5231 36.7116
vt 35.5324 14.6052
vt 35.5436 24.0137
vt 35.5465 15.6428
vt 35.5519 15.5081
vt 35.5557 36.628
vt 35.6012 18.4982
vt 35.6224 34.9866
vt 35.6471 35.1526
vt 35.662 25.8037
vt 35.6663 25.7053
vt 35.6694 16.0518
vt 35.6811 15.924
vt 35.7175 26.4752
vt 35.7181 12.5808
vt 35.7219 7.0095
vt 35.7223 21.9336
vt 35.7223 26.3866
vt 35.7255 6.9382
vt 35.7286 26.0339
vt 35.7327 21.8482
vt 35.7355 22.2184
vt 35.7586 25.7845
vt 35.7681 22.128
vt 35.7787 24.4761
vt 35.78 24.5549
vt 35.7808 6.8643
vt 35.7842 17.4585
vt 35.7867 17.4008
vt 35.7884 35.0868
vt 35.7999 25.8191
vt 35.8061 8.2165
vt 35.8075 6.8779
vt 35.8136 25.7764
vt 35.8181 26.1021
vt 35.8245 28.9885
vt 35.8307 16.0614
vt 35.8349 27.2869
vt 35.8382 35.3126
vt 35.8446 25.66
vt 35.8513 25.4892
vt 35.8754 28.9214
vt 35.879 22.0852
vt 35.8968 8.1819
vt 35.9033 6.8895
vt 35.9042 27.2875
vt 35.9116 35.2568
vt 35.9161 27.0559
vt 35.9207 25.4897
vt 35.9272 13.5809
vt 35.9324 6.8375
vt 35.9515 26.028
vt 35.9519 6.7377
vt 35.9588 24.4909
vt 35.9609 21.9336
vt 35.9609 26.3866
vt 35.968 6.9204
vt 35.9899 6.8259
vt 35.9911 29.4549
vt 36.0002 35.0144
vt 36.0253 24.4749
vt 36.0293 34.9788
vt 36.0331 12.7632
vt 36.0357 35.3996
vt 36.0473 28.9821
vt 36.054 35.1441
vt 36.0546 20.8318
vt 36.0743 13.7301
vt 36.078 20.9447
vt 36.0883 13.5923
vt 36.1007 24.3887
vt 36.1127 14.2578
vt 36.1263 8.3064
vt 36.1319 21.756
vt 36.1375 29.4653
vt 36.1407 14.3415
vt 36.1441 29.4026
vt 36.1716 21.8836
vt 36.1777 12.6602
vt 36.2012 14.3437
vt 36.2029 24.514
vt 36.2196 20.8587
vt 36.2391 30.0908
vt 36.2454 37.582
vt 36.2476 7.0502
vt 36.2979 26.5991
vt 36.3114 39.0293
vt 36.3134 6.9868
vt 36.3145 37.6934
vt 36.3303 21.921
vt 36.333 6.9211
vt 36.3339 26.6542
vt 36.3342 18.9056
vt 36.3504 38.8763
vt 36.3593 13.8282
vt 36.3644 18.9767
vt 36.3742 13.6951
vt 36.3811 24.1362
vt 36.3853 37.5342
vt 36.3946 26.5618
vt 36.4228 38.947
vt 36.4262 18.9785
vt 36.4262 29.1851
vt 36.4656 30.1603
vt 36.4766 35.0695
vt 36.4788 10.589
vt 36.4794 19.088
vt 36.4803 29.0069
vt 36.4836 24.2613
vt 36.4968 19.1812
vt 36.5038 15.7225
vt 36.5085 30.7979
vt 36.5113 15.6433
vt 36.5177 13.8479
vt 36.5232 35.0818
vt 36.5276 24.1455
vt 36.534 34.985
vt 36.5506 34.2172
vt 36.5667 30.607
vt 36.5776 34.5657
vt 36.5852 24.7939
vt 36.6109 34.9205
vt 36.6129 29.1732
vt 36.615 24.7359
vt 36.6177 30.1054
vt 36.6215 19.7033
vt 36.6219 19.1038
vt 36.6789 34.8885
vt 36.6884 34.7275
vt 36.6909 31.8676
vt 36.6927 34.5457
vt 36.7046 19.3087
vt 36.7053 24.803
vt 36.7057 10.9169
vt 36.7061 7.7121
vt 36.7279 19.4309
vt 36.7534 30.5942
vt 36.7574 22.1734
vt 36.7634 28.9537
vt 36.7737 7.7212
vt 36.7795 13.9945
vt 36.7816 7.6216
vt 36.7816 13.9142
vt 36.7861 30.8313
vt 36.7931 7.923
vt 36.801 10.7906
vt 36.8022 10.6522
vt 36.809 28.9967
vt 36.8176 22.1554
vt 36.8293 19.4688
vt 36.8311 7.806
vt 36.8488 19.7913
vt 36.8575 22.2508
vt 36.8575 28.9277
vt 36.8683 30.2884
vt 36.8712 20.7131
vt 36.8717 31.6776
vt 36.8733 30.191
vt 36.8736 35.2049
vt 36.8849 19.1309
vt 36.8857 19.9505
vt 36.8891 31.6389
vt 36.8954 20.8147
vt 36.8959 19.2101
vt 36.9 32.9691
vt 36.9021 33.8174
vt 36.9112 33.7121
vt 36.9149 10.801
vt 36.9179 12.5684
vt 36.9198 13.9948
vt 36.9266 35.1245
vt 36.9279 26.7874
vt 36.931 20.7176
vt 36.9335 25.5357
vt 36.934 15.6475
vt 36.9353 34.3545
vt 36.9357 25.4373
vt 36.9367 20.0445
vt 36.9371 35.0145
vt 36.9425 30.4173
vt 36.9493 34.2362
vt 36.951 16.3288
vt 36.9592 19.9454
vt 36.9651 16.4335
vt 36.9713 7.8067
vt 36.9835 35.0254
vt 36.9845 16.3143
vt 36.9873 26.6941
vt 36.9899 20.3598
vt 36.9899 25.2239
vt 36.9922 13.5194
vt 36.9959 32.817
vt 37.0007 14.6844
vt 37.001 33.0352
vt 37.0055 18.9926
vt 37.0055 23.3805
vt 37.0103 19.212
vt 37.0142 19.959
vt 37.0283 19.8607
vt 37.0286 30.6246
vt 37.0315 26.745
vt 37.0446 23.9157
vt 37.0491 33.0535
vt 37.0504 23.7602
vt 37.0641 15.7305
vt 37.0651 15.3185
vt 37.0691 15.675
vt 37.076 32.6998
vt 37.0793 19.9548
vt 37.0995 21.7556
vt 37.1063 11.4333
vt 37.108 23.5503
vt 37.1089 23.9056
vt 37.1092 34.1281
vt 37.1104 14.7696
vt 37.1118 34.3462
vt 37.1126 23.2726
vt 37.1151 14.6867
vt 37.1222 23.5679
vt 37.1277 18.9926
vt 37.1277 23.3805
vt 37.129 15.7052
vt 37.1294 16.4643
vt 37.1297 16.9956
vt 37.1306 19.0741
vt 37.1363 23.3022
vt 37.1372 21.8536
vt 37.1379 23.4915
vt 37.1554 16.3237
vt 37.1627 16.4501
vt 37.1714 23.7867
vt 37.1723 34.2854
vt 37.1824 23.4185
vt 37.1864 12.8108
vt 37.1912 31.8358
vt 37.1913 31.9292
vt 37.192 17.1906
vt 37.1995 21.8331
vt 37.2056 12.7408
vt 37.2076 34.1906
vt 37.221 12.7268
vt 37.2213 30.8034
vt 37.226 32.7826
vt 37.2292 15.1925
vt 37.2359 15.3285
vt 37.2376 23.9207
vt 37.2383 17.132
vt 37.2435 23.7652
vt 37.2446 12.6525
vt 37.2468 19.6885
vt 37.2518 17.1957
vt 37.253 23.4896
vt 37.2582 17.0051
vt 37.2642 12.5513
vt 37.2642 34.1273
vt 37.2668 34.3454
vt 37.2687 17.1045
vt 37.2714 12.5419
vt 37.2737 30.1955
vt 37.2756 19.1038
vt 37.2827 11.3369
vt 37.2912 10.9318
vt 37.2942 30.5879
vt 37.2971 31.8277
vt 37.2995 33.8388
vt 37.3017 10.8789
vt 37.3147 31.7887
vt 37.3169 23.1623
vt 37.3196 30.525
vt 37.3241 31.6089
vt 37.3338 25.5394
vt 37.3415 30.4256
vt 37.3425 32.0275
vt 37.3452 23.2977
vt 37.3476 30.3229
vt 37.3678 32.7445
vt 37.3723 35.1018
vt 37.3798 20.9311
vt 37.3815 23.1155
vt 37.3843 10.9041
vt 37.3881 20.2581
vt 37.3881 25.3256
vt 37.3899 20.3598
vt 37.3899 25.2239
vt 37.3932 31.9558
vt 37.396 23.0895
vt 37.398 19.2656
vt 37.4022 22.8175
vt 37.4067 21.3705
vt 37.4093 30.5855
vt 37.4097 13.343
vt 37.4097 32.8878
vt 37.4108 15.1662
vt 37.4112 32.0834
vt 37.416 13.4337
vt 37.4197 22.6705
vt 37.43 21.4451
vt 37.4423 33.0362
vt 37.4452 14.1682
vt 37.4493 33.1426
vt 37.4515 33.0623
vt 37.4527 19.1448
vt 37.4579 32.9054
vt 37.4639 33.5517
vt 37.467 23.1835
vt 37.4984 31.9752
vt 37.4989 17.0085
vt 37.5051 12.9057
vt 37.5057 32.9224
vt 37.5119 12.5434
vt 37.5138 15.2457
vt 37.5152 32.8764
vt 37.5159 16.8748
vt 37.538 23.2777
vt 37.538 33.3045
vt 37.5385 33.4237
vt 37.5477 33.0253
vt 37.5651 10.5849
vt 37.5697 33.2392
vt 37.5723 10.3981
vt 37.5772 33.5241
vt 37.5816 9.0566
vt 37.5841 9.0658
vt 37.587 14.1901
vt 37.5889 11.0974
vt 37.59 19.3448
vt 37.5902 37.4232
vt 37.5917 11.5581
vt 37.5965 19.4563
vt 37.5967 22.2275
vt 37.6073 31.1385
vt 37.608 13.5975
vt 37.6096 10.2472
vt 37.6207 9.0481
vt 37.625 13.3188
vt 37.6293 13.8281
vt 37.6404 22.953
vt 37.6439 34.1345
vt 37.6454 32.5822
vt 37.6559 32.2555
vt 37.6586 15.1607
vt 37.6665 15.1551
vt 37.674 23.2554
vt 37.6768 10.633
vt 37.6768 10.8423
vt 37.6776 15.1798
vt 37.6779 31.5134
vt 37.6789 15.119
vt 37.6815 23.1449
vt 37.6873 11.0586
vt 37.6928 33.4022
vt 37.6979 15.1713
vt 37.7067 34.042
vt 37.708 10.8696
vt 37.7094 10.1199
vt 37.7129 33.9818
vt 37.7143 37.1483
vt 37.7161 33.2647
vt 37.7219 11.1316
vt 37.723 22.1525
vt 37.7296 10.9083
vt 37.7323 14.1738
vt 37.7379 33.3283
vt 37.7386 22.8175
vt 37.7433 37.3651
vt 37.7446 17.1944
vt 37.7452 11.0501
vt 37.7494 22.6708
vt 37.761 19.4639
vt 37.7699 17.0743
vt 37.7736 12.4369
vt 37.7792 32.8518
vt 37.7795 34.2289
vt 37.7809 12.3508
vt 37.7822 32.9765
vt 37.7841 33.4644
vt 37.7885 33.0443
vt 37.7894 31.8477
vt 37.7906 22.6681
vt 37.7985 33.1963
vt 37.7994 22.6527
vt 37.8028 11.1691
vt 37.8037 30.9118
vt 37.8038 31.1586
vt 37.8037 32.0041
vt 37.8069 15.205
vt 37.8117 31.2542
vt 37.815 15.3648
vt 37.8166 16.8634
vt 37.8184 31.1527
vt 37.8206 25.3567
vt 37.8239 12.2823
vt 37.8245 12.2728
vt 37.8256 32.9332
vt 37.829 27.4548
vt 37.8293 11.1055
vt 37.8301 12.4344
vt 37.8316 25.9002
vt 37.8384 10.0046
vt 37.8396 13.7156
vt 37.8421 32.0575
vt 37.848 13.8135
vt 37.8591 34.1658
vt 37.8637 34.8461
vt 37.8685 14.9565
vt 37.8685 18.0072
vt 37.8691 11.1042
vt 37.8692 33.242
vt 37.8705 22.1542
vt 37.8744 17.2139
vt 37.8762 16.9499
vt 37.8783 16.9647
vt 37.8879 12.7048
vt 37.9029 17.0766
vt 37.9039 32.9057
vt 37.9073 16.7535
vt 37.9148 25.9198
vt 37.9151 12.5826
vt 37.936 31.2831
vt 37.936 34.9307
vt 37.9375 33.3787
vt 37.9377 16.9151
vt 37.9554 17.7655
vt 37.9684 15.7244
vt 37.9686 27.6152
vt 37.9699 15.8589
vt 37.9703 15.8605
vt 37.9703 34.0521
vt 37.971 33.9738
vt 37.9744 16.8635
vt 37.9829 34.4439
vt 37.9841 26.0608
vt 37.9859 26.3396
vt 37.9872 20.4135
vt 37.9872 25.17
vt 37.988 20.5153
vt 37.988 25.0682
vt 37.9889 17.1211
vt 37.9902 16.8341
vt 37.9903 29.0204
vt 37.9932 16.9606
vt 37.9944 28.8514
vt 37.9952 13.4928
vt 37.9956 25.2384
vt 37.9976 25.2051
vt 38.0005 20.3674
vt 38.0019 35.7661
vt 38.0037 30.9833
vt 38.0064 32.2215
vt 38.0108 29.2912
vt 38.0113 32.8308
vt 38.012 32.9713
vt 38.0143 33.1577
vt 38.0172 10.633
vt 38.0172 11.1744
vt 38.0185 31.7089
vt 38.0214 13.2134
vt 38.0241 33.6783
vt 38.0258 17.7597
vt 38.0268 25.4734
vt 38.0357 10.5844
vt 38.0443 17.8423
vt 38.0502 31.3725
vt 38.0531 34.297
vt 38.0536 31.5837
vt 38.056 32.8085
vt 38.0573 13.091
vt 38.0591 35.5079
vt 38.0592 30.6857
vt 38.0647 29.9615
vt 38.0657 20.1543
vt 38.0703 12.6203
vt 38.0725 15.0032
vt 38.0741 35.9837
vt 38.0764 23.2146
vt 38.0819 30.5013
vt 38.0834 29.2008
vt 38.0867 23.0911
vt 38.0917 25.3929
vt 38.0956 18.4889
vt 38.0988 35.7344
vt 38.1009 33.6224
vt 38.1013 33.4644
vt 38.1111 15.1979
vt 38.1111 27.8376
vt 38.1149 15.334
vt 38.1152 35.7908
vt 38.1167 17.1396
vt 38.1176 34.2288
vt 38.119 18.4069
vt 38.123 24.6438
vt 38.1233 13.2681
vt 38.1238 17.2909
vt 38.1243 26.7673
vt 38.1287 30.7162
vt 38.1297 29.3394
vt 38.1345 17.1081
vt 38.1348 33.5386
vt 38.1364 17.123
vt 38.1373 25.4427
vt 38.1409 31.6247
vt 38.143 19.9865
vt 38.1437 29.0348
vt 38.1451 20.074
vt 38.1451 25.6348
vt 38.1451 32.8784
vt 38.1475 36.0009
vt 38.1531 25.7224
vt 38.1654 24.5273
vt 38.1669 29.7383
vt 38.1671 19.2093
vt 38.1684 29.6354
vt 38.1753 31.4992
vt 38.1756 18.4058
vt 38.1759 32.8962
vt 38.1763 29.0127
vt 38.1801 24.9858
vt 38.1815 9.8898
vt 38.1963 26.7454
vt 38.2063 24.663
vt 38.2118 33.4473
vt 38.2161 17.1823
vt 38.2242 35.9486
vt 38.2276 25.3701
vt 38.2295 8.6233
vt 38.2364 18.7996
vt 38.2379 25.3862
vt 38.2381 25.4844
vt 38.2402 9.8737
vt 38.2423 24.9652
vt 38.2472 25.0766
vt 38.2509 23.0983
vt 38.2622 35.5876
vt 38.2679 30.493
vt 38.277 33.6916
vt 38.2825 15.2855
vt 38.2846 20.1433
vt 38.2864 31.5419
vt 38.2867 20.2414
vt 38.2947 32.7745
vt 38.3016 15.6566
vt 38.3061 8.703
vt 38.3068 22.1276
vt 38.3172 33.6459
vt 38.3311 15.5331
vt 38.3319 28.7688
vt 38.3372 21.9572
vt 38.3449 29.2039
vt 38.3522 31.6969
vt 38.3639 20.074
vt 38.3639 25.6348
vt 38.376 25.3548
vt 38.3773 22.1223
vt 38.3778 31.3079
vt 38.3809 20.5153
vt 38.3809 25.0682
vt 38.3842 31.6636
vt 38.3844 27.4527
vt 38.3864 34.5641
vt 38.3879 31.4642
vt 38.3881 25.2014
vt 38.3914 25.1033
vt 38.3935 20.371
vt 38.3942 20.4692
vt 38.4051 18.9218
vt 38.4088 32.8127
vt 38.4088 32.9667
vt 38.4088 35.5269
vt 38.4184 28.7501
vt 38.4237 33.9704
vt 38.4237 34.0521
vt 38.4243 28.8252
vt 38.4352 33.6976
vt 38.4503 30.0584
vt 38.4551 29.9568
vt 38.46 15.5573
vt 38.4617 8.6442
vt 38.4626 14.9098
vt 38.4642 8.8324
vt 38.4641 9.7581
vt 38.4656 15.0081
vt 38.4737 28.1727
vt 38.4737 30.9038
vt 38.4743 9.8721
vt 38.4893 9.6676
vt 38.4895 27.2694
vt 38.4937 24.782
vt 38.4953 34.243
vt 38.5018 35.0813
vt 38.5053 11.1316
vt 38.5071 9.0023
vt 38.5088 11.2521
vt 38.5129 34.1549
vt 38.5164 30.6809
vt 38.5174 24.9078
vt 38.5211 32.2375
vt 38.5223 32.3566
vt 38.5238 27.8296
vt 38.5262 27.6733
vt 38.5339 33.0883
vt 38.5351 31.1374
vt 38.5504 9.6777
vt 38.5545 29.73
vt 38.5564 29.0262
vt 38.5587 27.0345
vt 38.564 26.7334
vt 38.5815 31.2651
vt 38.5877 16.9364
vt 38.5937 32.264
vt 38.5955 24.1235
vt 38.6317 23.2127
vt 38.636 31.5404
vt 38.6437 23.9907
vt 38.6492 31.4193
vt 38.6579 28.3314
vt 38.6612 28.1751
vt 38.6634 8.9455
vt 38.6839 34.2442
vt 38.6952 32.2877
vt 38.7047 31.296
vt 38.7049 24.91
vt 38.7213 30.4843
vt 38.73 24.0289
vt 38.7334 15.4473
vt 38.742 17.0009
vt 38.7446 32.1616
vt 38.7452 35.0472
vt 38.7557 25.5817
vt 38.7562 16.8914
vt 38.7594 16.6545
vt 38.7615 11.4552
vt 38.7665 25.5381
vt 38.7673 23.8918
vt 38.7687 30.3741
vt 38.7709 15.846
vt 38.7715 15.7099
vt 38.7718 15.7116
vt 38.7723 16.7242
vt 38.7732 30.5541
vt 38.7762 34.4804
vt 38.7868 24.0053
vt 38.7901 24.084
vt 38.7912 16.822
vt 38.7952 32.8046
vt 38.7953 32.9647
vt 38.7953 33.1577
vt 38.8003 11.1954
vt 38.8072 32.2919
vt 38.819 25.5463
vt 38.8192 25.3969
vt 38.8256 31.5218
vt 38.8293 35.1478
vt 38.8326 31.6787
vt 38.833 25.4748
vt 38.8371 22.0396
vt 38.8403 15.1011
vt 38.8426 31.9352
vt 38.8436 23.0858
vt 38.8524 31.5742
vt 38.8737 15.0307
vt 38.877 34.0521
vt 38.8846 16.6896
vt 38.8883 31.3142
vt 38.891 32.235
vt 38.893 14.917
vt 38.8976 23.698
vt 38.9084 32.2184
vt 38.9149 32.9243
vt 38.9174 25.395
vt 38.9213 16.5608
vt 38.9244 30.6715
vt 38.9262 16.7899
vt 38.9289 19.3166
vt 38.9292 24.4934
vt 38.9391 23.6954
vt 38.9431 31.1276
vt 38.945 32.1568
vt 38.9477 23.6799
vt 38.9516 32.2539
vt 38.9582 32.0779
vt 38.9758 32.674
vt 38.9815 32.7843
vt 38.9817 24.5014
vt 38.983 31.6647
vt 38.9944 32.8141
vt 38.9945 32.9671
vt 38.9948 35.7915
vt 38.9961 22.3577
vt 38.9979 18.9085
vt 39.002 30.5495
vt 39.0047 31.4492
vt 39.0105 31.3812
vt 39.0148 10.633
vt 39.0147 11.1859
vt 39.0218 32.5032
vt 39.0276 22.1875
vt 39.0289 31.4508
vt 39.0339 33.9839
vt 39.0366 34.0521
vt 39.0378 33.3061
vt 39.0414 36.0052
vt 39.0426 33.259
vt 39.0466 33.1349
vt 39.0473 33.7233
vt 39.0536 15.5364
vt 39.0543 31.5164
vt 39.0608 15.0114
vt 39.0632 24.3981
vt 39.066 14.9051
vt 39.0688 32.5712
vt 39.071 11.645
vt 39.0767 32.4809
vt 39.0854 32.3851
vt 39.0864 32.1668
vt 39.1029 31.4466
vt 39.1048 34.5416
vt 39.1064 11.582
vt 39.1123 34.1585
vt 39.1178 31.474
vt 39.1193 19.1425
vt 39.1248 33.517
vt 39.1334 33.091
vt 39.1349 35.6544
vt 39.1354 32.2825
vt 39.1492 22.6584
vt 39.1492 32.8323
vt 39.1583 22.0788
vt 39.1583 25.7078
vt 39.1588 33.0822
vt 39.1595 33.3786
vt 39.1625 15.4802
vt 39.1732 33.4825
vt 39.1855 32.558
vt 39.1901 29.361
vt 39.1951 19.0589
vt 39.1953 31.6077
vt 39.2076 34.3878
vt 39.2143 17.4809
vt 39.2159 29.1868
vt 39.2169 17.4958
vt 39.2196 29.3307
vt 39.2244 31.7858
vt 39.2262 32.0152
vt 39.2272 32.2335
vt 39.2284 31.9099
vt 39.2309 30.2938
vt 39.2338 34.9368
vt 39.2395 32.435
vt 39.2404 34.8397
vt 39.2423 25.6276
vt 39.2493 14.8826
vt 39.2532 33.7233
vt 39.2546 14.9889
vt 39.2563 33.7464
vt 39.257 22.0788
vt 39.257 25.7078
vt 39.258 17.4935
vt 39.26 33.0283
vt 39.269 15.1382
vt 39.2695 29.5067
vt 39.2707 22.1572
vt 39.2788 34.0521
vt 39.2794 31.5073
vt 39.2808 16.2978
vt 39.2808 33.6776
vt 39.2815 33.9839
vt 39.2822 34.3989
vt 39.2843 29.1275
vt 39.2856 10.633
vt 39.2857 11.1859
vt 39.286 32.7922
vt 39.2885 29.2375
vt 39.294 34.2621
vt 39.2944 31.2651
vt 39.2971 31.2342
vt 39.2997 34.1518
vt 39.3 20.9387
vt 39.306 32.8141
vt 39.306 32.9671
vt 39.3071 33.5637
vt 39.3142 18.7386
vt 39.3148 33.6244
vt 39.3186 30.2419
vt 39.3211 32.7097
vt 39.3363 31.3073
vt 39.3434 33.0654
vt 39.346 31.6875
vt 39.35 31.3227
vt 39.3605 20.8207
vt 39.3653 29.0053
vt 39.3766 33.0139
vt 39.3827 30.2559
vt 39.3855 19.2329
vt 39.3877 16.9528
vt 39.3902 32.56
vt 39.3968 16.36
vt 39.3984 20.9738
vt 39.4064 16.5219
vt 39.415 31.3766
vt 39.415 35.6738
vt 39.4152 24.0419
vt 39.4217 31.4344
vt 39.4223 14.8945
vt 39.4285 33.2843
vt 39.4303 24.2394
vt 39.4332 28.8511
vt 39.4352 24.1281
vt 39.436 32.7248
vt 39.4384 34.0521
vt 39.4447 31.9647
vt 39.4474 31.2643
vt 39.4511 23.9044
vt 39.4575 23.2906
vt 39.4613 32.5974
vt 39.4646 28.8449
vt 39.4683 32.4405
vt 39.4717 23.0858
vt 39.4788 29.1637
vt 39.4874 28.9403
vt 39.4902 34.9707
vt 39.4939 23.9048
vt 39.4975 24.1487
vt 39.4997 24.5444
vt 39.4997 35.7292
vt 39.5001 11.1954
vt 39.5002 23.291
vt 39.5052 32.8046
vt 39.5052 32.9647
vt 39.5052 33.1577
vt 39.5079 29.6751
vt 39.5163 33.6258
vt 39.5231 16.9546
vt 39.5246 29.2064
vt 39.5259 31.2389
vt 39.5264 31.5413
vt 39.5305 31.0589
vt 39.5339 27.0515
vt 39.5372 27.2077
vt 39.5416 16.887
vt 39.5418 28.7982
vt 39.542 15.8987
vt 39.5424 15.8977
vt 39.5429 16.0338
vt 39.5485 17.3046
vt 39.5515 28.5987
vt 39.5565 23.1549
vt 39.5601 35.598
vt 39.5628 17.4141
vt 39.5717 29.663
vt 39.5872 28.8314
vt 39.5916 32.7665
vt 39.5975 28.8436
vt 39.6116 29.1623
vt 39.6376 31.2122
vt 39.6403 28.8939
vt 39.653 28.6764
vt 39.6531 30.5775
vt 39.6598 24.4552
vt 39.6775 29.5165
vt 39.6826 29.3892
vt 39.6836 23.2127
vt 39.6872 24.5422
vt 39.6923 29.1369
vt 39.7104 24.3328
vt 39.7109 24.4164
vt 39.7118 32.1124
vt 39.7171 17.3496
vt 39.7173 31.4713
vt 39.719 34.2572
vt 39.7214 27.0491
vt 39.7349 32.279
vt 39.7375 29.2497
vt 39.7422 24.5578
vt 39.7476 21.3125
vt 39.7524 32.367
vt 39.7546 34.3275
vt 39.7583 28.917
vt 39.7599 24.2564
vt 39.7621 24.4486
vt 39.7681 20.8244
vt 39.7681 24.8473
vt 39.7698 21.3894
vt 39.7762 32.6982
vt 39.7774 32.5791
vt 39.7794 12.1489
vt 39.7812 30.1977
vt 39.7829 12.0284
vt 39.7877 27.5506
vt 39.7902 27.7069
vt 39.7995 27.6244
vt 39.8006 27.5453
vt 39.8017 29.3508
vt 39.8089 29.9806
vt 39.8098 24.2943
vt 39.8186 15.7232
vt 39.8198 33.8241
vt 39.8215 15.6249
vt 39.8234 20.9845
vt 39.8256 20.8864
vt 39.8278 28.3754
vt 39.8282 29.25
vt 39.8318 30.566
vt 39.8331 29.3516
vt 39.8371 9.8721
vt 39.8447 15.7526
vt 39.8572 27.6086
vt 39.8575 24.7039
vt 39.8578 24.6057
vt 39.8596 21.3913
vt 39.8652 33.6976
vt 39.8702 29.2142
vt 39.8786 33.6996
vt 39.8814 15.7703
vt 39.8824 20.7341
vt 39.8831 20.6359
vt 39.8839 15.7611
vt 39.8849 24.8378
vt 39.8881 24.936
vt 39.8917 32.8127
vt 39.8917 32.9667
vt 39.8917 33.9704
vt 39.8917 34.0521
vt 39.8923 27.2625
vt 39.8941 20.7827
vt 39.8941 24.8008
vt 39.894 27.5644
vt 39.9022 32.054
vt 39.9029 31.2342
vt 39.9056 30.0609
vt 39.9071 18.752
vt 39.9232 27.1868
vt 39.9311 25.2174
vt 39.9347 30.2547
vt 39.9348 22.5913
vt 39.9472 15.1663
vt 39.9545 27.6252
vt 39.9556 27.5461
vt 39.9558 15.2323
vt 39.9572 29.0517
vt 39.9643 16.5514
vt 39.9658 31.1326
vt 39.9698 29.0947
vt 39.979 24.935
vt 39.987 20.8244
vt 39.987 24.8473
vt 39.9891 20.737
vt 39.9971 22.6118
vt 40.0137 28.3837
vt 40.0146 25.7628
vt 40.0235 29.38
vt 40.0348 22.5137
vt 40.0364 28.5681
vt 40.037 15.1687
vt 40.0445 20.8974
vt 40.0499 29.3743
vt 40.0644 23.0983
vt 40.0688 24.6928
vt 40.071 12.264
vt 40.0713 9.8737
vt 40.0713 24.9317
vt 40.0725 22.7991
vt 40.0742 27.1012
vt 40.0758 18.6298
vt 40.0783 27.2702
vt 40.0856 17.781
vt 40.105 25.8354
vt 40.1067 30.5363
vt 40.1124 22.7037
vt 40.1156 11.1055
vt 40.1156 14.9456
vt 40.1177 17.0289
vt 40.1236 29.1551
vt 40.1251 29.258
vt 40.1261 16.9309
vt 40.1319 16.5998
vt 40.1354 27.9833
vt 40.1356 16.4638
vt 40.138 29.2106
vt 40.1411 30.6618
vt 40.1421 28.0848
vt 40.1422 17.7821
vt 40.1454 24.9522
vt 40.1473 19.1257
vt 40.1505 25.7856
vt 40.1656 17.8641
vt 40.1661 30.3784
vt 40.1702 24.8919
vt 40.1709 28.9255
vt 40.1726 22.7217
vt 40.1878 29.216
vt 40.1996 33.703
vt 40.2028 27.715
vt 40.2116 15.7183
vt 40.2179 15.3358
vt 40.2187 29.2548
vt 40.2217 30.3966
vt 40.2254 34.5609
vt 40.2277 28.9297
vt 40.2286 23.0911
vt 40.2389 23.2146
vt 40.2413 34.297
vt 40.2558 30.0978
vt 40.2569 30.5219
vt 40.2581 16.9927
vt 40.2747 17.9661
vt 40.2757 10.5844
vt 40.2761 20.6322
vt 40.2764 33.6783
vt 40.2786 24.9397
vt 40.2833 10.633
vt 40.2833 11.1744
vt 40.2861 33.1577
vt 40.2871 20.7827
vt 40.2871 24.8008
vt 40.2879 20.681
vt 40.2879 24.9025
vt 40.2884 32.9713
vt 40.2891 9.9266
vt 40.2892 32.8308
vt 40.2912 30.6455
vt 40.293 30.209
vt 40.3115 25.1011
vt 40.3212 17.0933
vt 40.3221 31.6495
vt 40.3241 16.9667
vt 40.3288 17.8629
vt 40.3364 17.0434
vt 40.3391 27.3492
vt 40.3395 17.0263
vt 40.3436 16.0477
vt 40.3439 16.0467
vt 40.3443 33.9738
vt 40.345 34.0521
vt 40.3455 15.9116
vt 40.3465 27.9691
vt 40.3601 31.68
vt 40.3721 32.9077
vt 40.3726 32.7675
vt 40.374 29.414
vt 40.3818 20.7693
vt 40.3842 18.029
vt 40.3894 31.5953
vt 40.3908 27.9137
vt 40.4068 17.4176
vt 40.412 20.8317
vt 40.4147 12.7867
vt 40.4286 17.512
vt 40.4318 34.1658
vt 40.437 13.9004
vt 40.4373 34.3748
vt 40.4411 34.5326
vt 40.4423 11.1042
vt 40.443 14.9565
vt 40.443 18.0072
vt 40.445 18.0222
vt 40.445 22.155
vt 40.4527 16.9657
vt 40.4595 12.1611
vt 40.4595 20.6392
vt 40.4643 17.4292
vt 40.4672 17.1075
vt 40.473 10.0046
vt 40.4733 9.7891
vt 40.4734 17.0168
vt 40.4787 27.1888
vt 40.4788 28.9182
vt 40.4822 11.1055
vt 40.4859 22.1529
vt 40.4865 25.2194
vt 40.4889 21.2011
vt 40.4971 20.8156
vt 40.4977 11.1691
vt 40.502 18.4453
vt 40.5021 20.9594
vt 40.5035 22.5908
vt 40.5087 12.0776
vt 40.5114 34.2289
vt 40.5127 19.2149
vt 40.5127 22.6573
vt 40.5133 32.7753
vt 40.5135 32.8463
vt 40.516 12.1637
vt 40.5178 19.3792
vt 40.5184 30.9118
vt 40.5183 32.9765
vt 40.5185 31.1586
vt 40.5184 32.0041
vt 40.5213 32.8518
vt 40.5247 22.6651
vt 40.5249 19.8846
vt 40.5274 33.4656
vt 40.5348 19.2397
vt 40.5351 20.1235
vt 40.5457 11.0501
vt 40.549 29.0537
vt 40.5502 28.8464
vt 40.5519 18.6131
vt 40.5536 29.3596
vt 40.5544 29.3749
vt 40.5547 33.0769
vt 40.56 9.9653
vt 40.5613 10.9083
vt 40.5663 12.0284
vt 40.5811 22.69
vt 40.5867 30.3263
vt 40.5912 28.9991
vt 40.5926 27.8871
vt 40.5928 27.7937
vt 40.6021 10.1199
vt 40.6024 33.9818
vt 40.6036 11.0586
vt 40.6047 15.3369
vt 40.6051 15.4404
vt 40.6086 34.042
vt 40.6094 15.5035
vt 40.6093 23.1449
vt 40.617 18.5061
vt 40.6169 23.2554
vt 40.6198 29.2129
vt 40.6237 10.633
vt 40.6237 10.8423
vt 40.6245 19.4238
vt 40.6263 22.9454
vt 40.6307 19.281
vt 40.6339 20.4724
vt 40.641 22.6091
vt 40.6461 19.4489
vt 40.647 34.1345
vt 40.6475 15.3522
vt 40.6487 15.493
vt 40.6508 20.0832
vt 40.6687 21.4016
vt 40.6774 22.5105
vt 40.6888 29.1015
vt 40.6893 19.877
vt 40.6905 22.5134
vt 40.6958 19.7655
vt 40.6993 10.0008
vt 40.7018 10.2472
vt 40.7032 21.3155
vt 40.7097 23.0894
vt 40.7136 33.5241
vt 40.7141 22.2328
vt 40.7157 30.9886
vt 40.7202 22.6267
vt 40.7226 11.0974
vt 40.7284 21.4211
vt 40.7287 20.4555
vt 40.7332 22.6296
vt 40.7392 10.3981
vt 40.7413 12.7955
vt 40.7417 12.805
vt 40.742 32.8182
vt 40.7431 33.0253
vt 40.7529 23.2777
vt 40.7539 30.8901
vt 40.7603 31.047
vt 40.7648 22.5331
vt 40.7721 20.9814
vt 40.7721 24.6023
vt 40.7737 32.8836
vt 40.774 20.8796
vt 40.774 24.7041
vt 40.7755 32.7819
vt 40.7788 21.3502
vt 40.78 31.6577
vt 40.7856 13.366
vt 40.7912 31.5011
vt 40.7928 23.1914
vt 40.7938 21.1085
vt 40.804 28.316
vt 40.81 28.4188
vt 40.8115 23.0829
vt 40.8141 24.8328
vt 40.819 20.6269
vt 40.827 33.5517
vt 40.8438 30.7908
vt 40.8486 33.0362
vt 40.852 24.3518
vt 40.8565 29.6383
vt 40.8568 23.2254
vt 40.8579 28.1132
vt 40.8659 28.7258
vt 40.8659 29.8181
vt 40.8684 21.9646
vt 40.8736 21.3337
vt 40.8772 20.5397
vt 40.8794 29.8208
vt 40.881 32.7933
vt 40.8812 22.6435
vt 40.8814 28.6099
vt 40.8918 15.3318
vt 40.8965 15.4985
vt 40.8988 23.1914
vt 40.8992 20.2351
vt 40.9076 12.8046
vt 40.9087 22.8119
vt 40.9155 23.0895
vt 40.9195 21.8639
vt 40.921 24.4027
vt 40.9229 32.6499
vt 40.9271 24.2635
vt 40.9344 28.9024
vt 40.9374 23.7157
vt 40.9385 22.3292
vt 40.9469 28.69
vt 40.9483 29.3194
vt 40.9602 17.8175
vt 40.9777 21.0077
vt 40.9785 12.4778
vt 40.9922 17.8196
vt 40.9966 16.718
vt 40.9982 21.8835
vt 41.0025 12.92
vt 41.0032 16.5821
vt 41.0057 21.1711
vt 41.0091 17.9107
vt 41.0159 22.3603
vt 41.0166 12.4209
vt 41.0226 23.6999
vt 41.0261 13.3645
vt 41.0269 31.2273
vt 41.0297 19.7581
vt 41.0299 12.854
vt 41.0333 13.3739
vt 41.0438 23.0618
vt 41.0464 23.2011
vt 41.0485 22.5285
vt 41.0527 22.1977
vt 41.054 17.7609
vt 41.0553 20.9791
vt 41.0613 17.6345
vt 41.0683 22.9692
vt 41.0689 17.9057
vt 41.0693 22.2498
vt 41.0725 22.3045
vt 41.0731 19.0343
vt 41.0803 17.8134
vt 41.0845 30.2235
vt 41.0984 30.3417
vt 41.1105 22.2217
vt 41.1142 31.5585
vt 41.1159 22.8182
vt 41.1194 23.0972
vt 41.1271 28.7236
vt 41.1273 19.749
vt 41.1439 19.2792
vt 41.1473 31.4657
vt 41.1569 19.9347
vt 41.1578 31.5757
vt 41.1638 30.8184
vt 41.1674 16.7081
vt 41.1722 20.9814
vt 41.1722 24.6023
vt 41.1722 31.1198
vt 41.1769 31.1445
vt 41.1772 19.7737
vt 41.1792 17.629
vt 41.1952 19.6284
vt 41.2073 22.4911
vt 41.209 28.4104
vt 41.2108 31.02
vt 41.2122 24.7307
vt 41.2144 24.8292
vt 41.2179 26.2382
vt 41.2209 15.3624
vt 41.222 20.9553
vt 41.23 13.8318
vt 41.2305 30.8743
vt 41.2321 30.6641
vt 41.2322 17.6252
vt 41.2337 21.1497
vt 41.2388 30.7577
vt 41.2412 30.7694
vt 41.2446 17.7826
vt 41.2462 24.0995
vt 41.2469 22.3635
vt 41.2471 17.6495
vt 41.2525 22.8672
vt 41.2571 19.8405
vt 41.257 31.2617
vt 41.2574 20.2079
vt 41.2581 19.8754
vt 41.2582 28.1087
vt 41.2587 17.6779
vt 41.2621 26.1873
vt 41.2633 28.2061
vt 41.2644 17.5709
vt 41.2743 19.742
vt 41.2752 20.6425
vt 41.2775 21.1798
vt 41.2802 19.8263
vt 41.2914 29.6683
vt 41.301 12.6538
vt 41.3019 32.3117
vt 41.3048 29.6706
vt 41.3071 20.9207
vt 41.3103 19.2549
vt 41.3131 21.2769
vt 41.3214 31.0354
vt 41.3215 26.2805
vt 41.326 28.3521
vt 41.3373 21.1754
vt 41.3428 17.9126
vt 41.3445 26.3776
vt 41.3559 18.1012
vt 41.3695 28.9303
vt 41.3764 20.8832
vt 41.419 24.232
vt 41.42 18.0281
vt 41.4227 27.2499
vt 41.4233 25.8
vt 41.4245 20.1887
vt 41.4386 24.1056
vt 41.4392 13.9477
vt 41.4574 21.3774
vt 41.4723 26.005
vt 41.4831 30.2045
vt 41.4855 29.8607
vt 41.4888 26.4095
vt 41.4966 31.9953
vt 41.5024 20.5545
vt 41.5036 20.3822
vt 41.5039 20.7798
vt 41.5127 28.365
vt 41.5143 32.1217
vt 41.5171 21.3746
vt 41.5188 32.3035
vt 41.5326 21.1491
vt 41.533 26.2632
vt 41.537 25.0581
vt 41.5438 18.433
vt 41.5502 25.8736
vt 41.5526 28.9062
vt 41.5553 27.0836
vt 41.5637 31.5182
vt 41.5647 32.0273
vt 41.5709 28.5559
vt 41.5745 31.6149
vt 41.5779 17.7557
vt 41.5852 28.9898
vt 41.5854 17.8348
vt 41.5866 18.3202
vt 41.5885 24.1484
vt 41.597 25.6299
vt 41.5973 24.0677
vt 41.6042 20.9652
vt 41.6078 31.5207
vt 41.6094 27.2618
vt 41.612 20.1261
vt 41.6139 18.8448
vt 41.6162 26.3209
vt 41.6252 21.5842
vt 41.6265 24.3539
vt 41.6294 32.1416
vt 41.6313 26.0627
vt 41.641 25.746
vt 41.6419 20.0197
vt 41.6582 25.8865
vt 41.6739 28.9591
vt 41.6746 26.2433
vt 41.6844 21.5818
vt 41.7086 24.9844
vt 41.7149 25.2237
vt 41.7168 27.7368
vt 41.7249 21.6325
vt 41.7257 26.1631
vt 41.7288 25.6445
vt 41.7317 24.3257
vt 41.7349 25.3916
vt 41.7409 21.8964
vt 41.7443 25.812
vt 41.745 20.031
vt 41.7534 22.6896
vt 41.7555 23.8537
vt 41.7697 22.5909
vt 41.7721 22.8462
vt 41.7791 25.0768
vt 41.7793 22.7768
vt 41.7815 25.9216
vt 41.7833 26.0849
vt 41.7895 25.7369
vt 41.7896 18.3916
vt 41.7931 22.6088
vt 41.7954 24.2742
vt 41.8075 23.337
vt 41.8109 25.1255
vt 41.8126 23.4181
vt 41.8135 26.3852
vt 41.8193 18.9139
vt 41.8227 26.4976
vt 41.8255 25.6818
vt 41.8271 27.774
vt 41.8284 22.4218
vt 41.8288 25.675
vt 41.8378 22.3196
vt 41.8378 24.7913
vt 41.8553 22.5575
vt 41.8605 18.8081
vt 41.8665 21.7184
vt 41.8819 26.4703
vt 41.885 24.3185
vt 41.8872 25.4125
vt 41.8898 21.6055
vt 41.8903 23.39
vt 41.8902 24.2158
vt 41.8903 27.8909
vt 41.9012 26.4104
vt 41.9016 22.8542
vt 41.9069 23.7025
vt 41.9082 24.1595
vt 41.9226 22.6179
vt 41.9275 24.1329
vt 41.9319 21.2375
vt 41.9324 25.0691
vt 41.9524 25.2647
vt 41.9622 21.3258
vt 41.9954 24.2852
vt 41.9969 23.9201
vt 41.9997 24.3836
vt 42.0057 23.6365
vt 42.0059 24.164
vt 42.0102 22.4245
vt 42.0165 18.7918
vt 42.0221 22.5027
vt 42.0415 21.2259
vt 42.0495 22.6107
vt 42.0495 22.924
vt 42.0521 22.6987
vt 42.0605 22.8372
vt 42.066 22.2341
vt 42.0662 22.7969
vt 42.0764 22.3196
vt 42.0764 24.7913
vt 42.0812 24.8799
vt 42.1119 21.8933
vt 42.119 18.8073
vt 42.1196 23.5808
vt 42.1201 22.4152
vt 42.1216 23.6487
vt 42.1246 22.3354
vt 42.133 22.5455
vt 42.1366 22.7572
vt 42.1542 18.7357
vt 42.1623 22.2089
vt 42.1633 26.6404
vt 42.1657 22.6359
vt 42.1674 22.6107
vt 42.1674 22.924
vt 42.1733 22.8835
vt 42.1754 26.7372
vt 42.1825 22.806
vt 42.1929 25.1022
vt 42.201 26.7181
vt 42.2393 24.3726
vt 42.2473 22.2221
vt 42.2766 21.9285
vt 42.303 21.8275
vt 42.3061 25.4316
vt 42.3314 21.4374
vt 42.3556 23.1405
vt 42.3626 21.0739
vt 42.3645 21.9726
vt 42.3743 22.8441
vt 42.3752 20.9629
vt 42.3873 21.9717
vt 42.4028 26.6269
vt 42.4154 16.9746
vt 42.4163 21.4516
vt 42.4188 25.4609
vt 42.4281 26.6072
vt 42.4288 21.5279
vt 42.4309 20.9922
vt 42.4364 26.6935
vt 42.4453 23.1411
vt 42.4542 21.9733
vt 42.4615 25.2615
vt 42.4667 20.892
vt 42.4755 17.0403
vt 42.495 22.7997
vt 42.496 16.9249
vt 42.5077 22.8418
vt 42.5152 21.0514
vt 42.5152 22.1098
vt 42.5154 23.0327
vt 42.5227 25.3615
vt 42.5279 22.8725
vt 42.5305 23.0271
vt 42.535 22.9748
vt 42.5485 23.0341
vt 42.5503 23.0564
vt 42.5533 22.6306
vt 42.5577 17.0272
vt 42.5709 22.8997
vt 42.5723 20.9463
vt 42.6335 22.8291
vt 42.6356 22.8515
vt 42.6412 23.0205
vt 42.6475 23.1234
vt 42.6504 25.3964
vt 42.6552 22.9288
vt 42.6626 22.0919
vt 42.6827 29.2049
vt 42.6931 25.6504
vt 42.7101 22.8139
vt 42.7221 22.0298
vt 42.7256 23.6912
vt 42.74 23.8154
vt 42.7437 17.1775
vt 42.7451 22.1452
vt 42.7479 25.5883
vt 42.7542 29.228
vt 42.7627 27.1092
vt 42.7653 17.0835
vt 42.773 28.0889
vt 42.7764 25.7294
vt 42.7777 28.0386
vt 42.7806 28.9381
vt 42.8054 27.9583
vt 42.8057 26.1609
vt 42.8091 23.3921
vt 42.8379 26.2616
vt 42.8382 25.9914
vt 42.8574 25.2588
vt 42.8675 28.1949
vt 42.8702 27.1217
vt 42.8783 23.6695
vt 42.8815 28.1272
vt 42.8872 27.2108
vt 42.8888 21.7255
vt 42.8897 18.3825
vt 42.8964 28.0022
vt 42.9137 25.4161
vt 42.9417 25.3368
vt 42.9573 21.8511
vt 42.9726 26.185
vt 42.9747 18.6728
vt 42.9973 25.8336
vt 43.0025 25.2879
vt 43.0041 18.5592
vt 43.0185 24.9396
vt 43.0298 25.2084
vt 43.0323 18.5324
vt 43.0345 25.2222
vt 43.0374 21.865
vt 43.0434 25.1374
vt 43.0471 26.0199
vt 43.064 26.2
vt 43.0672 18.5917
vt 43.07 25.9436
vt 43.0758 26.0172
vt 43.0874 25.1585
vt 43.0878 25.1124
vt 43.0967 26.0286
vt 43.1103 25.2977
vt 43.1311 20.8375
vt 43.1486 25.8514
vt 43.1682 21.3736
vt 43.1699 18.4525
vt 43.1753 26.3515
vt 43.191 21.2762
vt 43.1925 20.9375
vt 43.2392 25.129
vt 43.2412 24.1649
vt 43.2424 21.8672
vt 43.247 20.8709
vt 43.2636 24.1095
vt 43.2751 22.6815
vt 43.318 21.7919
vt 43.3285 22.6333
vt 43.3368 24.1906
vt 43.3388 21.9051
vt 43.3497 18.5254
vt 43.3544 22.6133
vt 43.3553 21.8477
vt 43.3589 22.7245
vt 43.3626 22.699
vt 43.3626 23.0461
vt 43.3629 22.024
vt 43.3744 23.1341
vt 43.3796 22.7586
vt 43.3869 23.0737
vt 43.3909 22.68
vt 43.3921 22.6904
vt 43.3942 22.4047
vt 43.3949 25.1933
vt 43.402 22.7472
vt 43.4079 25.7472
vt 43.4091 18.6368
vt 43.4129 22.7667
vt 43.4191 22.4878
vt 43.4312 23.7688
vt 43.4413 18.4415
vt 43.4544 21.9719
vt 43.4719 22.7058
vt 43.4727 22.7095
vt 43.4768 25.6419
vt 43.4797 22.0353
vt 43.4919 22.699
vt 43.4919 23.0461
vt 43.5042 22.9854
vt 43.5084 22.456
vt 43.5121 22.8158
vt 43.5153 22.8005
vt 43.5164 23.0644
vt 43.5186 25.7787
vt 43.5313 22.7359
vt 43.5328 20.7959
vt 43.5345 25.5202
vt 43.5393 22.7038
vt 43.5627 21.7299
vt 43.565 23.6188
vt 43.5945 21.6292
vt 43.602 25.4141
vt 43.6123 20.1576
vt 43.6238 20.2257
vt 43.6275 22.7058
vt 43.6469 20.8351
vt 43.6509 21.7321
vt 43.6587 23.95
vt 43.6608 22.8179
vt 43.662 23.0606
vt 43.6762 20.727
vt 43.6874 22.9776
vt 43.6914 20.1761
vt 43.6914 22.9139
vt 43.7094 23.0045
vt 43.7124 23.3332
vt 43.7164 22.7208
vt 43.7355 22.9441
vt 43.7664 23.1455
vt 43.7779 22.951
vt 43.784 23.032
vt 43.7934 22.9527
vt 43.8091 22.9481
vt 43.8101 23.3592
vt 43.812 20.3364
vt 43.8189 23.1136
vt 43.8302 22.9728
vt 43.8336 23.303
vt 43.881 19.9554
vt 43.9198 23.1126
vt 43.9385 20.1515
vt 43.9858 22.2734
vt 44.0445 22.3163
vt 44.0569 22.2289
# 4176 texture vertices

s off

usemtl Cinema_Sof_1

f 344/3251 183/3259 334/3221
f 279/3999 98/3897 97/3890
f 209/3205 331/3236 208/3282
f 322/1264 245/1300 131/1265
f 257/1872 99/1867 347/1866
f 213/2462 241/2466 236/2492
f 100/2936 204/2959 307/2930
f 101/3780 343/3787 339/3827
f 233/759 109/959 153/753
f 185/4489 191/4470 270/4464
f 102/1479 356/1498 116/1505
f 326/2639 247/2597 213/2525
f 266/814 194/900 251/815
f 209/2957 144/2909 331/2973
f 308/3883 268/3855 103/3862
f 321/971 164/950 181/928
f 252/534 181/553 163/558
f 195/3895 104/3763 238/3942
f 235/4253 105/4211 141/4206
f 347/1613 170/1593 171/1562
f 237/1704 269/1693 106/1695
f 107/2760 129/2747 130/2755
f 144/2812 325/2869 331/2876
f 312/2221 327/2216 108/2231
f 110/751 109/958 234/961
f 188/720 296/927 140/981
f 112/2167 147/2170 111/2168
f 176/1764 345/1775 246/1776
f 113/671 138/622 295/621
f 215/4036 274/4072 275/4070
f 261/4319 270/4336 191/4341
f 114/2365 151/2398 342/2400
f 178/2336 114/2330 158/2327
f 122/2619 297/2577 248/2629
f 248/2058 336/2068 335/2067
f 115/2229 257/2225 305/2222
f 304/2066 116/2056 355/2061
f 98/3760 117/3638 142/3637
f 300/3350 301/3241 118/3359
f 119/943 232/869 329/949
f 207/1631 155/1646 328/1645
f 357/2708 189/2751 100/2696
f 316/2259 147/2261 237/2258
f 136/1509 272/1470 319/1485
f 334/3694 183/3741 333/3718
f 207/1674 250/1685 120/1676
f 122/2993 238/2983 121/2978
f 104/3453 302/3534 238/3610
f 152/1414 219/1406 293/1416
f 199/4121 148/4120 172/4138
f 246/3170 198/3206 123/3186
f 101/3520 339/3558 337/3542
f 338/3376 339/3377 273/3438
f 202/2742 204/2738 324/2793
f 206/3385 124/3403 288/3414
f 230/4058 125/4095 274/4083
f 184/3242 214/3280 125/3240
f 224/1379 264/1341 265/1332
f 362/1837 263/1840 126/1835
f 211/367 212/365 310/366
f 127/3995 135/3957 212/4032
f 210/1960 99/1957 128/1958
f 210/2583 192/2581 352/2600
f 130/3200 129/3188 165/3167
f 271/4197 261/4193 341/4185
f 245/1369 177/1318 131/1316
f 228/3557 343/3591 101/3578
f 227/2158 248/2150 335/2156
f 168/1799 169/1819 227/1788
f 283/568 318/541 132/538
f 225/764 318/817 133/782
f 135/920 232/963 231/953
f 135/1189 127/1182 134/1191
f 272/1202 136/1246 249/1249
f 111/2163 137/2154 112/2162
f 138/618 113/661 150/663
f 253/633 140/596 139/597
f 141/4186 208/4143 330/4151
f 262/3972 141/4016 330/3977
f 273/4013 105/3989 298/4028
f 117/3607 300/3503 142/3608
f 143/3215 123/3192 198/3211
f 313/2991 323/3008 197/2989
f 274/4072 215/4036 230/4048
f 170/1670 216/1680 169/1649
f 144/2836 340/2810 325/2884
f 307/3788 308/3758 187/3772
f 145/3678 130/3702 165/3665
f 317/3268 217/3291 146/3265
f 360/2749 189/2750 357/2707
f 250/1130 195/1151 280/1134
f 250/1772 239/1758 120/1755
f 306/1836 116/1831 303/1838
f 224/1514 256/1511 264/1483
f 312/2459 226/2458 326/2450
f 183/2635 332/2671 333/2667
f 147/2883 268/2888 111/2879
f 148/4096 199/4094 353/4073
f 285/773 338/749 149/746
f 113/394 252/441 150/396
f 102/1477 292/1478 356/1496
f 178/2370 151/2395 114/2362
f 220/539 152/505 293/536
f 319/1057 272/1036 294/1039
f 231/799 153/884 186/795
f 231/1107 155/1087 154/1089
f 156/857 350/952 119/763
f 350/923 156/822 157/917
f 114/2958 167/2933 158/2941
f 241/2417 114/2421 236/2453
f 160/1472 351/1442 159/1458
f 162/1552 155/1569 161/1549
f 108/2008 309/2002 162/2011
f 235/3744 289/3739 277/3750
f 110/750 296/957 194/755
f 194/903 266/818 110/905
f 205/3454 297/3443 278/3432
f 327/2165 309/2166 108/2178
f 236/2465 114/2436 342/2464
f 113/402 180/446 290/451
f 318/1025 283/1033 152/1055
f 137/2120 111/2126 281/2118
f 286/1294 245/1299 322/1263
f 181/880 164/911 163/886
f 229/1284 131/1312 177/1313
f 129/3666 166/3635 165/3633
f 158/2827 167/2818 166/2809
f 170/1681 169/1663 168/1652
f 171/1544 170/1580 168/1540
f 313/3470 199/3435 172/3439
f 313/3141 314/3118 340/3147
f 271/3879 304/3859 173/3875
f 304/3952 145/3970 173/3976
f 237/1728 174/1714 316/1726
f 174/1901 317/1906 316/1907
f 267/3373 148/3418 353/3394
f 267/2994 354/2986 175/2980
f 123/3192 143/3215 228/3198
f 177/1346 245/1392 176/1391
f 178/2703 158/2670 287/2693
f 140/605 253/643 282/639
f 338/422 253/390 149/430
f 179/2960 189/2903 359/2924
f 220/617 181/577 180/548
f 180/502 181/522 290/503
f 243/1642 244/1622 182/1617
f 215/1780 216/1820 230/1825
f 230/2174 210/2176 221/2177
f 344/3581 275/3617 183/3595
f 326/2636 226/2672 247/2596
f 185/3652 346/3685 242/3680
f 185/4461 184/4465 193/4458
f 155/1086 231/1105 186/1104
f 155/1116 266/1139 328/1115
f 318/664 225/616 132/655
f 100/3048 307/3042 187/3033
f 100/3746 217/3709 200/3734
f 285/1287 101/1303 337/1291
f 285/1050 164/1063 229/1064
f 108/1931 162/1935 161/1934
f 108/1972 207/1975 311/1970
f 273/3748 299/3835 320/3822
f 320/3383 188/3770 140/3358
f 189/2753 204/2718 100/2700
f 314/4107 148/4079 315/4093
f 314/4043 308/4030 190/4052
f 192/3843 191/3878 352/3860
f 184/4533 222/4521 193/4524
f 296/956 188/761 194/754
f 194/907 195/825 251/821
f 354/2351 345/2343 175/2349
f 281/2053 345/2052 196/2050
f 323/3366 198/3307 197/3312
f 199/3920 198/3935 223/3899
f 357/2754 100/2745 200/2737
f 116/1548 356/1536 355/1550
f 256/1535 171/1499 264/1501
f 263/1941 336/1943 201/1938
f 325/2820 202/2774 324/2817
f 262/3671 206/3683 203/3691
f 257/1855 348/1850 305/1854
f 348/1712 224/1702 306/1719
f 349/3103 314/3072 190/3077
f 204/2946 349/2929 307/2914
f 205/2273 263/2286 201/2284
f 297/2403 205/2405 248/2411
f 206/4268 289/4303 203/4271
f 289/4304 235/4313 141/4269
f 312/2270 332/2280 226/2269
f 207/2030 332/2018 311/2017
f 323/3155 143/3222 198/3105
f 343/4141 209/4131 208/4192
f 192/2434 210/2433 128/2430
f 257/2219 115/2223 291/2228
f 212/368 211/369 284/370
f 115/2093 306/2086 303/2091
f 304/4105 271/4128 341/4111
f 213/2557 247/2655 214/2558
f 214/3099 184/3069 213/3101
f 102/1510 224/1529 265/1494
f 169/2188 344/2184 227/2182
f 216/1839 215/1794 169/1792
f 217/4034 308/4041 103/4026
f 217/3408 147/3374 146/3384
f 166/4410 271/4398 165/4405
f 270/4360 261/4351 271/4352
f 219/1324 152/1328 218/1321
f 220/890 321/891 181/841
f 272/1232 286/1266 322/1235
f 125/4487 230/4483 221/4467
f 222/4522 184/4534 125/4530
f 198/2220 246/2218 223/2227
f 345/2366 354/2374 246/2368
f 224/1495 102/1480 116/1508
f 224/1713 116/1725 306/1730
f 138/1016 109/958 295/1015
f 350/736 225/812 133/827
f 232/1117 135/1094 134/1097
f 98/3873 142/3751 97/3861
f 275/3525 226/3611 183/3605
f 332/2638 183/2609 226/2614
f 248/2195 227/2208 122/2185
f 227/2217 344/2224 334/2215
f 208/4202 141/4218 105/4241
f 343/4176 208/4207 339/4217
f 229/1757 228/1783 101/1762
f 101/1301 285/1278 229/1296
f 210/2207 230/2198 216/2192
f 99/1997 210/2005 216/1999
f 232/942 119/988 231/931
f 153/879 231/797 233/885
f 296/957 110/750 234/960
f 138/614 253/656 139/615
f 235/3833 301/3892 299/3872
f 299/3729 273/3630 298/3657
f 279/3194 297/3252 302/3210
f 238/3546 302/3483 121/3521
f 327/2304 312/2314 326/2303
f 236/2650 326/2685 213/2549
f 269/1611 237/1633 160/1619
f 137/1554 160/1547 112/1559
f 131/1256 229/1231 164/1229
f 321/1155 131/1164 164/1149
f 342/2035 310/2044 309/2045
f 327/2250 342/2243 309/2249
f 195/3895 238/3942 280/3971
f 334/3944 239/3945 238/3891
f 324/2644 204/2567 240/2664
f 204/2767 189/2795 240/2821
f 184/2796 241/2811 213/2808
f 184/4295 185/4283 242/4302
f 265/1677 244/1666 102/1687
f 244/1578 243/1594 102/1615
f 189/2902 179/2956 361/2954
f 240/2998 189/2977 361/3019
f 286/1539 345/1556 245/1543
f 345/1727 176/1717 245/1716
f 123/1626 177/1571 176/1624
f 176/1978 246/1982 123/1979
f 247/2979 274/2910 214/2913
f 125/4090 214/4118 274/4108
f 248/2311 205/2302 201/2309
f 336/2071 248/2063 201/2064
f 141/4021 262/3986 203/4018
f 289/4306 141/4273 203/4278
f 249/1533 136/1528 137/1542
f 281/1885 249/1881 137/1884
f 250/1118 266/1144 251/1143
f 195/1165 250/1150 251/1163
f 252/585 285/606 149/586
f 253/389 252/432 149/429
f 140/3358 273/3297 320/3383
f 273/3297 140/3358 282/3267
f 142/3506 300/3395 118/3407
f 310/1054 255/1044 254/1056
f 255/2210 151/2213 178/2183
f 256/1574 347/1586 171/1537
f 348/1843 257/1852 347/1846
f 340/2794 202/2806 325/2861
f 314/3055 349/3093 340/3092
f 357/3686 317/3640 258/3677
f 317/1810 174/1795 258/1797
f 145/2032 356/2025 259/2028
f 130/3381 145/3341 259/3375
f 113/692 133/627 260/684
f 180/439 113/399 260/398
f 192/4012 261/4010 191/4049
f 115/3104 261/3132 291/3121
f 324/2955 240/2965 206/2975
f 262/3181 324/3154 206/3196
f 264/1759 336/1752 263/1746
f 265/1636 264/1643 263/1630
f 109/958 110/751 153/752
f 266/672 153/752 110/751
f 111/2918 268/2937 267/2916
f 111/2519 267/2517 281/2508
f 135/1358 162/1348 212/1336
f 155/1587 162/1575 154/1590
f 268/3243 148/3237 267/3208
f 148/3699 268/3701 315/3716
f 269/1460 160/1467 159/1453
f 167/4449 270/4433 166/4436
f 166/4428 270/4427 271/4418
f 293/748 272/781 220/745
f 272/1058 321/1037 220/1035
f 104/3790 117/3648 302/3885
f 188/3770 320/3383 104/3763
f 339/4248 208/4238 105/4279
f 339/4225 105/4257 273/4281
f 227/2445 334/2441 122/2431
f 122/2478 334/2489 238/2474
f 274/2927 247/2985 275/2982
f 226/4188 275/4104 247/4113
f 177/1581 123/1632 228/1583
f 228/1940 229/1930 177/1936
f 109/959 233/759 276/954
f 133/933 109/849 276/846
f 222/4276 191/4262 193/4286
f 191/4459 185/4469 193/4466
f 225/866 350/796 157/791
f 301/3749 235/3684 277/3700
f 297/3508 279/3448 278/3501
f 222/4413 125/4426 221/4411
f 210/3108 222/3149 221/3134
f 354/3785 199/3831 223/3800
f 246/2780 354/2787 223/2792
f 239/2134 332/2123 120/2135
f 332/2013 207/2022 120/2021
f 239/1753 250/1766 280/1767
f 238/3942 239/4022 280/3971
f 281/2562 267/2573 175/2563
f 345/2196 281/2200 175/2205
f 253/391 338/423 282/387
f 338/3232 273/3297 282/3267
f 152/977 283/968 218/976
f 127/500 212/471 284/485
f 285/612 252/594 163/613
f 164/1062 285/1049 163/1047
f 286/1270 272/1245 249/1272
f 249/1888 281/1896 196/1889
f 158/2662 107/2679 287/2684
f 207/2003 108/1995 161/2004
f 155/1657 207/1641 161/1644
f 263/1790 205/1782 126/1785
f 289/3326 206/3292 288/3311
f 195/816 194/893 188/896
f 104/3763 195/3895 188/3770
f 181/574 252/549 290/547
f 252/438 113/392 290/434
f 192/2283 257/2272 291/2278
f 261/3424 192/3425 291/3411
f 165/4446 271/4438 173/4440
f 145/3936 165/3930 173/3918
f 237/1770 112/1769 160/1756
f 147/2256 112/2254 237/2255
f 167/4420 185/4423 270/4407
f 185/3604 167/3606 346/3627
f 292/1568 102/1566 243/1551
f 272/777 293/743 294/778
f 294/600 293/592 358/587
f 109/847 133/932 295/934
f 133/628 113/694 295/632
f 140/916 296/834 139/921
f 296/836 138/925 139/924
f 297/2692 122/2715 121/2698
f 302/3245 297/3302 121/3315
f 235/3805 299/3849 298/3786
f 105/4199 235/4224 298/4214
f 350/951 233/760 119/762
f 231/790 119/870 233/867
f 301/3389 300/3477 299/3342
f 300/3553 117/3681 299/3451
f 98/3796 279/3880 302/3914
f 117/3574 98/3704 302/3821
f 217/3712 100/3747 187/3727
f 308/4130 217/4123 187/4135
f 116/2059 304/2069 303/2065
f 304/2515 115/2514 303/2512
f 348/1791 306/1802 305/1807
f 306/2124 115/2133 305/2128
f 307/3018 349/3027 190/3015
f 308/3854 307/3881 190/3876
f 309/1789 212/1813 162/1829
f 212/1870 309/1858 310/1857
f 312/2186 108/2202 311/2201
f 332/2276 312/2266 311/2277
f 99/1921 257/1926 128/1928
f 257/2313 192/2322 128/2316
f 314/3264 313/3304 172/3260
f 148/4099 314/4129 172/4112
f 268/3828 308/3845 315/3841
f 308/4027 314/4039 315/4020
f 147/2206 316/2197 146/2203
f 316/1963 317/1961 146/1964
f 152/468 220/520 180/433
f 180/493 318/457 152/509
f 319/1084 294/1078 351/1093
f 351/1248 136/1259 319/1234
f 167/2500 114/2510 346/2504
f 241/2626 346/2607 114/2628
f 117/3626 320/3392 299/3415
f 320/3429 117/3676 104/3806
f 153/752 266/672 186/673
f 266/1128 155/1103 186/1129
f 109/958 138/1016 234/961
f 138/922 296/833 234/832
f 131/1174 321/1160 322/1173
f 321/1092 272/1101 322/1102
f 209/3041 143/3040 323/3000
f 144/2831 209/2870 323/2829
f 324/3026 262/3044 325/3030
f 262/3416 331/3387 325/3382
f 336/1700 264/1707 171/1705
f 168/1864 336/1860 171/1865
f 327/2373 326/2372 236/2360
f 342/2288 327/2296 236/2289
f 166/3344 129/3371 158/3390
f 129/2756 107/2775 158/2762
f 253/644 138/610 150/648
f 252/431 253/388 150/386
f 250/1688 207/1678 328/1689
f 266/1152 250/1133 328/1131
f 156/894 119/798 329/806
f 331/3283 262/3310 330/3316
f 208/3692 331/3658 330/3690
f 332/2131 239/2138 333/2132
f 239/2981 334/2988 333/2995
f 168/1956 227/1950 335/1951
f 336/1824 168/1827 335/1818
f 338/740 285/770 337/768
f 339/3990 338/4000 337/3960
f 99/1735 216/1736 170/1722
f 347/1699 99/1701 170/1691
f 323/2962 313/2944 144/2964
f 313/2906 340/2907 144/2931
f 115/2828 304/2833 341/2838
f 261/3047 115/3032 341/3043
f 135/1019 231/1052 154/1012
f 162/1273 135/1289 154/1285
f 310/2046 342/2042 151/2041
f 255/1523 310/1530 151/1522
f 209/4153 343/4177 143/4140
f 343/3023 228/3014 143/3025
f 344/2226 169/2230 215/2232
f 275/4249 344/4222 215/4220
f 133/683 318/721 260/724
f 318/481 180/514 260/486
f 174/1734 237/1739 106/1733
f 286/1361 249/1366 196/1378
f 345/1534 286/1521 196/1532
f 346/2513 241/2520 242/2509
f 241/2791 184/2773 242/2776
f 348/1647 347/1648 256/1635
f 224/1629 348/1638 256/1628
f 340/2849 349/2852 202/2871
f 349/2844 204/2856 202/2857
f 268/3057 147/3050 103/3067
f 147/3131 217/3151 103/3145
f 350/848 133/935 276/852
f 233/760 350/951 276/955
f 160/1518 137/1524 136/1515
f 351/1261 160/1269 136/1267
f 222/3150 210/3110 352/3126
f 191/4180 222/4195 352/4159
f 354/3066 267/3082 353/3095
f 199/3830 354/3784 353/3820
f 145/2952 304/2951 355/2945
f 356/3996 145/4005 355/3988
f 317/3244 357/3255 200/3261
f 217/3941 317/3938 200/3954
f 293/789 219/767 358/785
f 189/2853 360/2851 359/2872
f 198/3991 199/3967 197/4011
f 199/3524 313/3564 197/3556
f 211/669 310/651 254/662
f 206/3003 240/2992 124/3010
f 240/2953 361/2971 124/2969
f 265/1667 263/1659 362/1658
f 244/1602 265/1625 362/1603
f 425/1031 435/1021 363/1026
f 385/3465 365/3323 364/3464
f 365/2999 421/3073 364/3065
f 430/2077 366/2080 401/2078
f 445/2157 430/2151 401/2159
f 374/4221 458/4256 387/4265
f 387/4339 458/4330 398/4350
f 461/2007 370/2010 460/2009
f 461/1330 425/1325 367/1335
f 451/758 434/766 433/776
f 408/747 451/725 433/741
f 368/1190 418/1199 389/1195
f 408/713 368/714 389/717
f 463/1184 377/1178 369/1181
f 424/1123 463/1132 369/1120
f 375/3076 395/3117 426/3078
f 370/2439 375/2446 426/2449
f 391/2565 384/2602 437/2585
f 371/2633 391/2618 437/2651
f 400/3102 443/3137 445/3086
f 443/3274 444/3209 445/3213
f 404/881 405/941 372/882
f 372/1258 431/1255 404/1257
f 419/4310 373/4272 420/4309
f 374/4390 419/4384 420/4376
f 395/3335 402/3333 427/3537
f 395/3124 375/3081 402/3123
f 397/2713 423/2726 376/2717
f 423/2442 377/2440 376/2438
f 394/3817 373/3856 432/3858
f 373/4258 419/4297 432/4264
f 409/566 435/575 378/559
f 380/3426 384/3369 379/3372
f 395/3220 380/3263 379/3223
f 464/970 388/990 381/1024
f 381/875 388/844 438/906
f 448/3528 382/3584 447/3533
f 382/3600 421/3547 447/3545
f 459/3029 377/3036 462/3034
f 377/1206 463/1213 462/1212
f 452/3378 453/3430 427/3380
f 453/3523 413/3519 427/3502
f 375/2616 370/2601 367/2589
f 370/2092 461/2088 367/2090
f 508/4191 374/4166 407/4161
f 374/4393 442/4383 407/4395
f 394/3498 448/3442 390/3397
f 384/2736 383/2723 379/2741
f 450/878 385/805 396/802
f 454/1698 429/1690 418/1686
f 372/1081 386/1088 424/1077
f 419/4385 374/4391 387/4415
f 452/3531 402/3321 403/3318
f 388/877 416/838 456/915
f 418/1584 430/1585 389/1579
f 390/3094 448/3136 371/3038
f 392/2246 391/2248 366/2242
f 508/3934 393/3968 458/3964
f 385/1194 459/1156 415/1168
f 454/1038 455/1013 406/1018
f 442/4358 417/4386 407/4374
f 448/3662 394/3713 410/3757
f 421/3575 459/3745 364/3576
f 395/2976 383/2963 426/2961
f 435/635 425/658 454/641
f 380/3338 436/3446 384/3285
f 395/3324 427/3532 413/3566
f 381/727 438/757 434/769
f 464/898 450/966 396/899
f 447/3203 443/3097 400/3059
f 430/1454 408/1437 389/1443
f 453/4252 417/4267 413/4244
f 398/3437 397/3441 376/3447
f 423/2726 397/2713 399/2724
f 442/4381 374/4392 420/4379
f 414/3552 436/3505 380/3426
f 446/3765 459/3769 421/3618
f 458/3549 397/3590 398/3582
f 366/2496 391/2507 400/2499
f 400/2789 445/2781 401/2777
f 375/3100 403/3138 402/3139
f 425/1325 461/1330 454/1311
f 405/967 404/918 416/989
f 406/1051 455/1045 440/1034
f 368/603 440/598 455/609
f 392/1945 429/1932 457/1942
f 461/1920 392/1922 457/1918
f 374/4210 508/4223 458/4247
f 417/4288 508/4292 407/4270
f 459/3592 385/3465 364/3464
f 408/1497 430/1503 444/1500
f 386/965 396/1017 463/947
f 377/3356 398/3317 376/3353
f 435/456 409/436 363/465
f 410/4246 419/4261 422/4285
f 382/3844 410/3884 422/3933
f 458/4059 393/4064 411/4080
f 434/636 438/626 412/640
f 368/859 408/860 433/853
f 442/4240 373/4203 414/4208
f 414/3567 395/3405 413/3614
f 438/579 440/590 412/595
f 395/3420 414/3583 380/3459
f 383/2824 395/2843 379/2845
f 372/1288 424/1277 431/1276
f 396/1041 385/1040 415/979
f 396/1046 415/982 463/973
f 403/2701 375/2680 425/2646
f 416/969 388/990 405/941
f 450/945 464/865 381/944
f 517/3173 508/3168 417/3162
f 453/4318 517/4338 417/4331
f 430/1600 418/1597 429/1610
f 366/2526 400/2534 401/2521
f 419/4275 410/4255 432/4250
f 373/4263 442/4305 420/4296
f 421/3080 365/3009 443/3011
f 449/3322 444/3250 365/3323
f 449/1100 451/1114 408/1119
f 444/3250 449/3322 408/3247
f 390/3031 371/3006 437/3013
f 384/2444 391/2429 383/2435
f 382/3679 446/3762 421/3613
f 447/3197 421/3195 443/3088
f 419/4347 387/4364 422/4353
f 441/4301 422/4259 387/4287
f 424/1778 423/1773 431/1777
f 377/2236 423/2237 369/2239
f 391/2274 392/2271 383/2282
f 370/2376 383/2384 460/2375
f 425/2460 375/2467 367/2461
f 383/2457 370/2452 426/2456
f 402/3320 452/3530 427/3529
f 517/4389 453/4367 428/4372
f 429/2015 392/2034 366/2023
f 366/2024 430/2014 429/2016
f 431/2116 423/2112 399/2110
f 410/3846 394/3794 432/3842
f 414/3759 373/3756 436/3717
f 451/803 381/779 434/813
f 434/411 368/440 433/421
f 435/914 454/919 406/888
f 435/578 406/554 378/564
f 436/3452 390/3319 384/3289
f 384/3002 390/3017 437/2997
f 388/845 456/883 438/909
f 440/642 438/629 439/630
f 398/4363 441/4366 387/4354
f 398/2987 377/2996 441/2990
f 413/4171 442/4154 414/4122
f 417/4399 442/4382 413/4388
f 405/941 386/908 372/882
f 464/1030 396/1029 386/975
f 365/3323 385/3465 449/3322
f 385/830 450/910 449/912
f 444/3513 443/3571 365/3573
f 430/2238 445/2241 444/2240
f 446/3915 382/3823 422/3896
f 422/4371 441/4394 446/4380
f 391/2681 371/2690 400/2656
f 371/3051 447/3158 400/3024
f 382/3724 448/3654 410/3753
f 448/3164 447/3161 371/3056
f 451/1179 449/1169 450/1172
f 381/1027 451/1053 450/1028
f 368/437 434/408 412/415
f 440/510 368/521 412/508
f 386/1082 463/1072 424/1069
f 423/1768 424/1774 369/1771
f 453/3601 452/3559 428/3603
f 455/1281 454/1305 418/1286
f 418/1162 368/1157 455/1161
f 438/871 456/850 439/872
f 436/3493 394/3492 390/3379
f 373/3764 394/3732 436/3731
f 429/1402 454/1425 457/1432
f 454/1311 461/1330 457/1323
f 397/4069 458/4019 411/4042
f 441/4254 459/4235 446/4228
f 377/3496 459/3474 441/3479
f 383/2326 392/2318 460/2320
f 392/1953 461/1949 460/1955
f 415/3555 459/3592 462/3593
f 463/787 415/811 462/788
f 388/990 464/970 405/941
f 405/974 464/991 386/948
f 488/2253 534/2251 465/2252
f 467/3926 499/3816 466/3815
f 490/4142 467/4242 466/4144
f 543/4424 562/4439 468/4429
f 562/4519 480/4510 468/4509
f 469/2083 501/2089 556/2079
f 469/2137 556/2136 557/2130
f 495/4280 471/4299 470/4282
f 534/2673 471/2665 541/2661
f 473/704 522/730 472/771
f 522/780 473/732 553/705
f 508/734 474/723 517/729
f 547/1014 475/1022 548/1007
f 475/1059 529/1043 548/1048
f 476/2475 528/2479 515/2476
f 528/2107 529/2108 515/2105
f 478/491 525/469 477/488
f 525/537 567/546 477/551
f 532/4132 494/4179 479/4169
f 494/4507 495/4513 479/4505
f 553/705 473/732 513/660
f 553/901 513/863 514/842
f 551/4435 520/4457 552/4447
f 520/4451 504/4445 552/4432
f 561/4116 564/4150 480/4175
f 481/4055 561/3974 480/4047
f 522/780 482/839 503/840
f 539/384 503/381 482/380
f 546/2761 483/2740 535/2744
f 483/2321 501/2315 535/2324
f 484/3919 532/3917 491/3726
f 494/4165 532/4124 484/4126
f 485/1290 519/1302 526/1297
f 478/1142 485/1141 526/1145
f 546/3336 545/3410 486/3334
f 483/2771 546/2790 486/2788
f 488/1985 487/1991 550/1993
f 551/3894 531/3850 497/3893
f 531/3984 532/4031 497/4029
f 489/3669 496/3730 565/3728
f 490/3708 489/3642 565/3710
f 478/1588 510/1592 570/1589
f 525/405 478/443 570/410
f 516/3834 492/3871 491/3869
f 512/3742 516/3738 491/3761
f 501/2031 508/2029 493/2033
f 559/2353 501/2348 493/2347
f 495/4456 494/4450 541/4460
f 471/4404 495/4396 541/4400
f 496/3836 545/3771 505/3882
f 569/4421 551/4402 497/4401
f 499/938 560/861 498/939
f 524/3388 500/3327 476/3413
f 501/2319 483/2325 556/2308
f 484/3924 492/3735 502/3928
f 472/584 503/607 567/619
f 521/895 553/854 554/820
f 562/3096 476/3098 515/3107
f 496/4097 505/4139 504/4201
f 520/4520 540/4523 543/4536
f 509/1987 469/1988 506/1984
f 510/511 499/385 507/484
f 523/2264 500/2257 549/2262
f 393/862 474/868 508/887
f 509/1976 508/1980 469/1977
f 558/2854 516/2866 512/2875
f 545/3516 496/3565 544/3488
f 510/3512 490/3670 466/3667
f 569/4294 532/4260 479/4298
f 534/2047 488/2049 500/2048
f 511/3826 531/3916 551/3963
f 491/3733 532/3923 512/3688
f 514/1023 513/1042 547/1011
f 560/742 473/824 498/823
f 561/4149 565/4038 564/4194
f 529/2896 562/2891 515/2894
f 508/1329 517/1326 558/1334
f 508/2075 501/2076 469/2072
f 517/2704 516/2719 558/2706
f 501/2328 559/2334 535/2335
f 511/3755 533/3711 531/3850
f 519/1744 557/1745 526/1742
f 519/1302 485/1290 518/1292
f 510/3482 537/3487 490/3612
f 519/1832 469/1845 557/1834
f 520/4480 543/4508 564/4503
f 480/4419 564/4409 468/4422
f 502/4109 494/4146 484/4106
f 471/2665 534/2673 500/2686
f 482/801 522/735 521/706
f 523/2292 549/2287 566/2293
f 566/2040 528/2037 523/2036
f 524/4170 540/4098 568/4114
f 540/3939 471/3953 568/3965
f 499/3816 510/3660 466/3815
f 562/2966 529/2974 481/2970
f 498/670 472/739 525/772
f 557/1724 478/1718 526/1720
f 517/1967 508/1969 527/1965
f 487/1784 488/1781 465/1779
f 483/2823 544/2840 563/2807
f 544/3295 489/3343 563/3234
f 514/1140 547/1138 530/1135
f 529/2187 528/2189 548/2193
f 546/2890 559/2868 533/2886
f 532/3877 533/3687 512/3629
f 566/1193 514/1200 530/1192
f 533/3675 532/3857 531/3824
f 532/4359 569/4377 497/4356
f 508/2094 558/2096 493/2100
f 558/2480 559/2490 493/2482
f 567/378 503/377 539/379
f 499/638 498/637 507/719
f 507/716 498/634 525/737
f 494/4437 502/4425 534/4453
f 521/731 522/780 553/705
f 473/855 560/783 513/784
f 476/3142 562/3140 524/3125
f 564/4482 543/4491 468/4500
f 544/2813 483/2800 486/2822
f 559/2759 546/2784 535/2764
f 467/4233 490/4136 561/4230
f 481/4004 536/3927 467/3926
f 475/507 536/531 529/492
f 536/3927 481/4004 529/4008
f 504/4232 505/4196 552/4219
f 520/4514 551/4486 569/4506
f 537/3494 489/3562 490/3616
f 490/4051 565/4050 561/4156
f 556/2548 483/2578 563/2566
f 563/2846 538/2826 556/2837
f 485/376 567/372 539/373
f 485/807 478/809 477/804
f 540/4528 520/4525 569/4515
f 569/4516 495/4526 470/4527
f 494/4502 534/4517 541/4512
f 495/4511 569/4497 479/4504
f 492/3736 484/3925 491/3737
f 516/2448 517/2437 542/2443
f 540/4337 524/4369 543/4355
f 562/4378 543/4357 524/4370
f 485/550 539/540 518/552
f 545/3428 544/3363 486/3370
f 546/3489 533/3481 511/3515
f 513/983 475/972 547/962
f 528/1616 547/1627 548/1621
f 500/2190 488/2194 549/2209
f 549/1998 488/1990 550/1996
f 505/3922 511/3825 551/3959
f 505/4205 551/4229 552/4243
f 554/858 553/897 514/837
f 514/1137 566/1126 555/1136
f 538/2152 557/2153 556/2161
f 478/1553 557/1561 538/1560
f 559/2972 512/2968 533/2984
f 559/2340 558/2331 512/2339
f 499/3816 467/3926 536/3927
f 560/828 499/904 536/826
f 561/3643 481/3714 467/3641
f 480/4538 562/4540 481/4539
f 472/808 522/780 503/840
f 498/653 473/652 472/726
f 489/3409 537/3271 563/3288
f 538/2487 563/2495 537/2491
f 504/4430 520/4441 564/4454
f 565/4082 504/4190 564/4213
f 496/3570 489/3514 544/3495
f 565/4078 496/4074 504/4187
f 536/397 475/382 560/395
f 475/623 513/647 560/646
f 547/1640 528/1634 530/1639
f 528/1944 566/1946 530/1947
f 525/620 472/599 567/625
f 567/371 485/375 477/374
f 492/3697 516/3647 542/3645
f 500/2659 523/2699 476/2689
f 528/2432 476/2422 523/2428
f 554/902 514/876 555/874
f 545/3783 511/3782 505/3886
f 545/3509 546/3476 511/3510
f 500/2814 524/2834 568/2804
f 471/2665 500/2686 568/2676
f 469/1974 519/1968 506/1971
f 510/2895 538/2889 537/2900
f 510/1765 478/1754 538/1763
f 508/1899 509/1895 527/1897
f 540/4532 569/4518 470/4529
f 471/4125 540/4110 470/4103
f 510/3660 507/3703 570/3656
f 507/913 525/937 570/936
f 621/4479 571/4496 629/4485
f 571/4375 612/4373 629/4362
f 594/3563 572/3548 632/3544
f 572/4484 637/4462 632/4478
f 573/3663 607/3719 623/3664
f 574/2768 623/2732 607/2757
f 648/3811 628/3903 606/3812
f 628/3889 575/3797 606/3795
f 621/4329 576/4291 620/4328
f 576/4290 637/4325 620/4327
f 578/1741 611/1750 577/1761
f 579/3911 645/3979 578/3906
f 580/3814 579/3911 578/3906
f 582/2338 649/2341 581/2337
f 630/1853 582/1861 581/1863
f 584/1389 605/1388 583/1445
f 585/3901 648/3808 626/3809
f 574/3791 585/3887 626/3789
f 576/4312 621/4349 586/4314
f 621/4361 634/4345 586/4340
f 613/1875 641/1868 639/1869
f 638/3673 588/3722 587/3723
f 588/3722 580/3814 587/3723
f 669/1401 608/1456 630/1457
f 636/1468 646/1482 615/1481
f 635/1541 636/1526 615/1538
f 588/3722 635/3672 589/3721
f 635/2705 575/2731 589/2727
f 590/2542 592/2532 591/2529
f 592/3655 572/3621 591/3649
f 590/2580 594/2571 593/2579
f 634/4414 612/4442 595/4416
f 612/3982 579/3911 595/3913
f 612/4431 571/4434 617/4443
f 571/4152 592/4182 617/4172
f 628/3910 648/3819 596/3908
f 648/3818 585/3909 596/3907
f 575/3766 628/3866 597/3867
f 600/3777 575/3689 597/3778
f 572/3768 592/3803 598/3776
f 607/3719 599/3904 624/3905
f 600/3813 588/3722 589/3721
f 600/3813 579/3911 580/3814
f 599/3904 601/4015 624/3905
f 602/3804 578/3906 577/3902
f 604/1320 641/1344 603/1357
f 605/1525 603/1557 622/1558
f 647/3354 648/3421 606/3422
f 576/4148 628/4057 596/4054
f 601/3462 627/3427 609/3362
f 624/3997 574/3779 607/3781
f 649/2401 643/2397 581/2396
f 614/1239 584/1240 583/1262
f 594/2530 590/2544 591/2531
f 628/4068 576/4157 586/4158
f 600/4071 634/4164 595/4168
f 613/1475 669/1489 641/1461
f 643/1851 630/1841 581/1848
f 669/1455 613/1415 608/1484
f 585/4102 642/4234 637/4236
f 609/3674 627/3725 619/3659
f 575/2758 635/2729 610/2733
f 643/1815 646/1801 670/1804
f 578/2012 645/2006 611/2026
f 618/3079 612/3039 617/3045
f 580/3814 578/3906 602/3804
f 587/697 614/624 638/728
f 642/4160 585/4007 574/3888
f 648/3445 647/3402 650/3399
f 613/1796 573/1808 608/1847
f 614/1221 583/1253 638/1268
f 616/2175 635/2173 615/2171
f 592/2532 590/2542 633/2543
f 592/3037 618/3064 617/3035
f 619/4490 637/4475 642/4477
f 572/4494 621/4474 620/4472
f 622/1368 603/1367 670/1451
f 669/1376 603/1357 641/1344
f 582/1989 623/1986 625/1994
f 608/1486 573/1433 623/1488
f 624/3905 601/4015 609/3966
f 624/4162 642/4209 574/3943
f 634/4181 628/4076 586/4178
f 621/4476 572/4495 598/4499
f 623/2694 574/2725 625/2702
f 649/3230 574/3294 626/3296
f 594/2595 627/2634 593/2622
f 628/4065 634/4155 597/4066
f 575/3281 647/3225 606/3284
f 579/3911 600/3813 595/3913
f 579/3911 612/3982 645/3979
f 612/2921 618/2947 645/2939
f 647/2390 643/2383 650/2392
f 635/1902 616/1908 610/1912
f 634/4348 621/4365 629/4368
f 612/4448 634/4417 629/4444
f 583/1520 605/1491 622/1519
f 646/1822 616/1830 615/1823
f 602/3804 614/3646 587/3723
f 585/4056 576/4147 596/4053
f 648/3433 649/3365 626/3431
f 623/2111 582/2113 608/2106
f 582/1929 630/1924 608/1925
f 611/2160 644/2142 631/2155
f 573/3663 599/3904 607/3719
f 627/3434 594/3400 619/3360
f 637/4473 619/4488 632/4492
f 618/2606 592/2575 633/2592
f 634/4212 600/4134 597/4133
f 575/3597 600/3698 589/3596
f 574/3229 649/3189 625/3185
f 649/2285 582/2275 625/2281
f 635/3672 588/3722 638/3673
f 636/1564 635/1573 638/1565
f 576/4184 585/4081 637/4216
f 637/4468 572/4493 620/4471
f 583/1279 622/1280 636/1314
f 638/1233 583/1205 636/1236
f 603/1357 669/1376 670/1427
f 630/1800 643/1814 670/1803
f 640/1319 641/1344 604/1320
f 641/1576 640/1563 639/1577
f 572/3622 594/3644 591/3650
f 619/3586 594/3609 632/3585
f 609/4408 642/4403 624/4387
f 609/4167 619/4163 642/4145
f 646/1805 643/1817 616/1816
f 643/2344 647/2350 616/2345
f 645/2119 644/2125 611/2148
f 645/2552 618/2559 644/2576
f 571/4498 621/4481 598/4501
f 592/3847 571/3832 598/3829
f 605/1546 604/1545 603/1572
f 636/1387 622/1352 646/1410
f 622/1363 670/1439 646/1436
f 587/3723 580/3814 602/3804
f 588/3722 600/3813 580/3814
f 616/2301 647/2307 610/2306
f 647/3129 575/3179 610/3130
f 649/3396 648/3444 650/3398
f 643/2382 649/2389 650/2391
f 601/4015 599/3904 651/4014
f 727/2352 664/2357 652/2355
f 653/2144 727/2143 652/2145
f 707/2716 685/2766 654/2765
f 720/1892 689/1886 713/1893
f 660/2477 720/2470 713/2471
f 657/3541 656/3587 655/3588
f 655/4277 703/4226 657/4237
f 659/3339 658/3456 683/3455
f 730/3468 659/3364 683/3469
f 679/2950 664/2908 719/2912
f 660/2915 679/2949 719/2911
f 711/470 661/506 680/426
f 706/3269 662/3346 661/3347
f 662/3346 663/3461 661/3347
f 731/4315 700/4332 688/4334
f 700/3163 630/3184 688/3157
f 658/3458 718/3340 709/3457
f 718/3367 703/3472 709/3475
f 664/2887 679/2905 702/2904
f 715/2878 664/2847 702/2880
f 666/3536 694/3507 665/3535
f 668/3539 667/3580 696/3540
f 663/3461 668/3539 696/3540
f 670/2523 630/2524 669/2569
f 701/2553 669/2610 630/2551
f 728/2584 717/2621 671/2587
f 717/2739 673/2720 671/2722
f 673/3579 668/3539 672/3538
f 730/4239 673/4289 672/4251
f 687/1417 690/1395 722/1420
f 720/1917 687/1909 722/1911
f 689/1462 690/1447 674/1448
f 653/2593 715/2649 691/2641
f 662/3346 653/3266 691/3345
f 727/2211 653/2212 675/2204
f 687/2019 727/2027 675/2020
f 658/3450 659/3329 676/3331
f 718/3328 658/3449 676/3330
f 659/3406 730/3497 677/3404
f 730/3561 692/3491 677/3490
f 668/3539 692/3460 672/3538
f 678/3348 656/3587 657/3541
f 678/3348 657/3541 723/3349
f 659/3176 679/3084 676/3178
f 661/3347 681/3467 680/3352
f 705/1828 704/1811 682/1844
f 658/3802 697/3851 683/3801
f 725/2863 685/2901 684/2862
f 669/2730 694/2763 666/2783
f 662/3346 692/3460 663/3461
f 687/1933 720/1939 686/1937
f 703/3486 723/3253 657/3484
f 724/4344 731/4326 688/4346
f 708/2498 707/2481 654/2497
f 690/1400 689/1422 722/1421
f 679/3071 659/3165 702/3068
f 715/3061 692/3159 691/3060
f 693/3007 718/3116 660/3005
f 705/1914 682/1923 699/1927
f 630/3146 724/3113 688/3122
f 694/2711 669/2675 701/2604
f 673/4274 730/4227 695/4266
f 728/3119 724/3089 670/3114
f 666/2642 726/2683 725/2605
f 706/733 661/698 711/631
f 653/1738 698/1723 675/1737
f 661/3347 663/3461 681/3467
f 708/2127 696/2109 667/2104
f 718/3226 693/3085 703/3337
f 697/3837 658/3775 732/3839
f 707/2468 708/2488 667/2447
f 673/4200 729/4198 671/4204
f 690/1395 687/1417 714/1396
f 698/1721 687/1731 675/1732
f 660/2371 699/2363 693/2369
f 664/2423 720/2419 719/2426
f 725/2632 684/2631 670/2539
f 725/2605 669/2569 666/2642
f 655/3705 700/3693 716/3682
f 656/2714 701/2620 655/2617
f 659/3153 715/3049 702/3052
f 720/2409 664/2412 686/2408
f 703/4245 655/4293 716/4284
f 703/3868 731/3921 709/3865
f 704/3239 723/3349 682/3276
f 693/3028 723/3062 703/3248
f 705/1459 689/1476 674/1466
f 715/3074 659/3169 677/3166
f 697/3929 730/3874 683/3870
f 692/3460 662/3346 691/3345
f 653/3266 662/3346 706/3269
f 698/1653 653/1664 706/1656
f 656/3298 694/3314 701/3171
f 724/4342 697/4323 732/4321
f 729/3361 673/3386 695/3351
f 664/2842 715/2867 652/2841
f 715/2623 653/2572 652/2574
f 685/2859 707/2815 684/2816
f 729/3087 728/3112 671/3109
f 708/3598 681/3467 696/3540
f 679/3083 718/3175 676/3177
f 731/3848 658/3792 709/3793
f 723/3349 704/3239 678/3348
f 700/4077 655/4085 701/4100
f 630/3466 700/3440 701/3463
f 712/946 711/856 710/864
f 689/1842 705/1833 699/1849
f 699/2413 660/2416 713/2410
f 687/1464 698/1441 714/1452
f 692/3070 715/3012 677/3075
f 692/3551 730/3636 672/3639
f 731/3955 703/3898 716/3958
f 700/4316 731/4300 716/4307
f 668/3539 673/3579 667/3580
f 673/2769 717/2786 667/2785
f 718/3144 679/3046 660/3020
f 720/2418 660/2427 719/2425
f 669/2569 725/2605 670/2523
f 724/3090 630/3120 670/3115
f 721/2948 666/2920 665/2919
f 666/2642 721/2682 726/2683
f 689/1913 720/1916 722/1910
f 689/1900 699/1903 713/1904
f 693/2746 682/2743 723/2772
f 699/2039 682/2038 693/2043
f 724/3054 728/3091 729/3058
f 697/4317 724/4335 729/4333
f 726/2923 685/2922 725/2885
f 712/926 706/940 711/835
f 698/1399 706/1405 712/1384
f 664/2387 727/2380 686/2378
f 727/1952 687/1948 686/1954
f 684/2503 707/2505 717/2486
f 707/2424 667/2407 717/2406
f 684/2582 717/2535 728/2516
f 670/2537 684/2624 728/2538
f 663/3461 696/3540 681/3467
f 692/3460 668/3539 663/3461
f 697/4308 729/4320 695/4311
f 730/3937 697/4002 695/4001
f 658/3774 731/3840 732/3838
f 731/4324 724/4343 732/4322
f 678/3348 704/3239 733/3238
f 735/3275 812/3254 734/3303
f 777/467 756/427 760/475
f 781/1083 778/1073 736/1085
f 773/3653 750/3550 753/3554
f 866/1364 747/1440 752/1355
f 746/479 803/418 745/416
f 739/2779 768/2805 737/2778
f 748/3053 749/3016 738/3022
f 770/2668 768/2608 739/2550
f 764/1408 757/1354 771/1423
f 758/1309 741/1345 740/1307
f 743/1071 742/1080 761/1070
f 746/472 745/407 744/459
f 747/1449 866/1371 859/1430
f 749/2234 748/2235 763/2233
f 778/1067 781/1076 776/1061
f 750/1637 754/1655 827/1662
f 752/1099 751/1091 844/1098
f 768/3207 773/3308 753/3201
f 779/1740 749/1729 759/1715
f 750/1516 779/1492 754/1531
f 756/417 777/464 755/414
f 757/1356 762/1338 747/1412
f 758/1254 781/1227 736/1230
f 781/1146 759/1121 776/1127
f 777/473 783/428 755/435
f 778/744 777/715 760/718
f 782/649 743/702 761/693
f 751/681 746/659 744/650
f 775/2556 770/2603 739/2518
f 775/2561 841/2615 770/2612
f 766/3133 750/3202 827/3128
f 742/1247 762/1250 757/1260
f 742/1111 743/1096 762/1112
f 759/1696 749/1708 763/1697
f 741/1380 758/1353 764/1408
f 780/1710 764/1703 771/1709
f 751/1066 752/1074 743/1068
f 746/654 751/676 743/695
f 782/476 756/412 803/424
f 773/4025 749/4089 772/3987
f 749/1347 779/1375 772/1372
f 741/1393 779/1359 740/1360
f 781/1175 779/1187 759/1154
f 757/1354 747/1411 771/1423
f 791/1683 747/1679 828/1682
f 777/800 759/819 765/793
f 759/1122 845/1106 765/1113
f 756/413 782/477 760/466
f 782/679 778/707 760/667
f 766/2858 768/2899 753/2898
f 750/3135 766/3063 753/3143
f 741/1380 764/1408 780/1424
f 827/1751 754/1743 767/1749
f 758/1353 757/1354 764/1408
f 758/1353 742/1333 757/1354
f 773/2643 768/2568 769/2627
f 768/2712 770/2748 769/2752
f 771/1609 747/1601 791/1606
f 828/1608 747/1604 859/1596
f 750/3518 773/3625 772/3599
f 779/1506 750/1527 772/1504
f 778/1032 742/1065 736/1060
f 742/1333 758/1353 736/1327
f 768/2848 766/2801 737/2802
f 749/2798 773/2797 738/2803
f 775/2660 739/2588 774/2590
f 759/829 777/810 776/843
f 777/722 778/765 776/756
f 742/1090 778/1075 761/1079
f 778/703 782/668 761/708
f 779/1293 741/1317 754/1349
f 754/1507 741/1490 780/1517
f 866/1298 752/1275 844/1274
f 748/980 845/978 763/992
f 845/851 759/892 763/873
f 754/1502 780/1513 767/1512
f 779/1251 781/1228 740/1252
f 781/1180 758/1197 740/1196
f 747/1413 762/1339 752/1340
f 743/1095 752/1109 762/1110
f 743/701 782/645 746/657
f 782/474 803/419 746/482
f 744/455 745/404 804/403
f 783/400 777/448 765/420
f 845/409 783/425 765/458
f 809/3969 735/3275 734/3303
f 799/689 802/1004 784/1003
f 809/3969 734/3303 814/3950
f 802/1004 799/689 801/688
f 785/3998 879/4091 796/4067
f 789/699 786/986 794/993
f 826/3199 771/3182 821/3231
f 800/1211 801/1226 799/1224
f 808/1337 883/1308 787/1315
f 789/699 788/709 786/986
f 817/447 783/483 850/452
f 788/1176 789/1171 807/1158
f 791/3190 812/3254 790/3262
f 792/4037 785/3998 795/3962
f 848/1419 800/1444 816/1438
f 812/3021 793/3004 828/3001
f 802/527 817/563 784/528
f 794/544 815/573 813/581
f 815/602 794/576 786/569
f 792/4174 795/4117 874/4183
f 771/3182 826/3199 780/3180
f 922/4017 785/3998 796/4067
f 796/3773 805/3767 910/3752
f 821/3231 791/3190 790/3262
f 799/682 862/1001 797/678
f 797/1217 800/1204 799/1218
f 817/556 802/525 798/561
f 862/1005 799/685 784/997
f 817/567 862/535 784/532
f 801/1223 800/1208 823/1207
f 825/1209 801/1225 823/1210
f 820/995 801/686 819/690
f 820/998 802/1002 801/687
f 813/543 802/512 820/517
f 826/3504 821/3527 737/3517
f 796/4067 918/4088 915/4075
f 803/533 815/495 745/526
f 815/565 818/529 804/593
f 811/3299 831/3864 870/3947
f 839/4024 874/4087 870/4009
f 808/1322 787/1306 807/1331
f 802/524 813/562 798/555
f 805/4063 796/4067 915/4075
f 828/3187 864/3235 811/3246
f 785/3998 806/4084 879/4091
f 875/3619 809/3969 810/3973
f 809/3183 795/3172 822/3191
f 875/3619 735/3275 809/3969
f 789/1238 808/1215 807/1222
f 801/1242 825/1219 819/1243
f 822/2247 810/2245 809/2244
f 825/1407 824/1383 883/1381
f 812/3218 828/3193 811/3256
f 811/3305 814/3951 734/3306
f 737/3695 821/3706 739/3715
f 790/3262 774/3258 821/3231
f 922/4017 796/4067 910/4035
f 821/3231 771/3182 791/3190
f 820/999 789/700 794/994
f 794/515 813/542 820/516
f 874/4086 795/4023 870/4006
f 814/3949 811/3300 870/3948
f 815/442 803/498 813/450
f 756/490 813/449 803/496
f 800/1185 797/1198 816/1183
f 766/3577 826/3568 737/3602
f 862/560 817/588 850/591
f 812/3254 735/3275 790/3262
f 824/1385 800/1418 891/1386
f 800/1434 848/1409 891/1403
f 788/710 854/711 818/984
f 807/1153 854/1167 788/1166
f 789/696 820/996 819/691
f 825/1220 789/1241 819/1244
f 821/3707 774/3740 739/3720
f 918/4088 796/4067 906/4092
f 796/4067 879/4091 906/4092
f 783/487 817/454 755/494
f 817/463 756/504 755/499
f 806/4084 785/3998 792/4037
f 806/4463 792/4452 874/4455
f 788/710 818/984 786/987
f 818/571 815/604 786/572
f 922/4017 822/3983 785/3998
f 795/3962 785/3998 822/3983
f 800/1465 824/1428 823/1463
f 824/1398 825/1431 823/1435
f 826/2897 767/2893 780/2892
f 789/1237 825/1216 808/1214
f 825/1397 883/1373 808/1394
f 766/3543 827/3522 826/3526
f 827/2925 767/2917 826/2928
f 756/489 817/444 798/445
f 813/461 756/497 798/453
f 795/3962 809/3969 814/3950
f 814/3634 870/3632 795/3651
f 793/2657 791/2625 828/2654
f 812/3254 791/3190 793/3224
f 745/519 815/478 804/513
f 812/3332 811/3391 734/3393
f 774/3258 790/3262 829/3273
f 735/3572 829/3569 790/3560
f 854/1159 807/1147 856/1148
f 807/1282 787/1271 856/1283
f 831/3863 830/3301 872/3478
f 831/3863 872/3478 832/3798
f 842/3754 833/4101 775/3743
f 851/3412 865/3219 868/3249
f 841/3270 833/3623 852/3624
f 834/4003 861/4040 787/3956
f 835/3985 833/3623 885/3994
f 921/3975 833/3623 875/3620
f 797/680 836/1009 847/675
f 849/1188 797/1203 847/1201
f 855/3853 856/3912 861/4040
f 864/3290 865/3219 851/3412
f 862/1000 836/1006 797/677
f 862/545 845/589 836/557
f 853/3978 838/3278 837/3277
f 855/3853 861/4040 839/3961
f 853/3978 840/3980 838/3278
f 851/3412 868/3249 804/3293
f 833/1487 841/1598 775/1591
f 842/2645 775/2688 774/2630
f 834/1748 787/1760 843/1747
f 844/3214 751/3227 865/3219
f 885/2414 858/2415 921/2420
f 833/3257 858/3594 885/3615
f 833/3623 921/3975 857/3931
f 892/4044 861/4040 834/4003
f 833/3623 842/3309 875/3620
f 842/4173 774/4127 829/4137
f 804/406 868/460 744/462
f 845/518 748/501 836/480
f 846/666 836/1010 748/1020
f 846/1304 849/1295 847/1310
f 836/1008 846/665 847/674
f 849/1668 848/1665 816/1673
f 783/401 845/393 850/383
f 861/4040 856/3912 787/3956
f 831/3852 811/3286 830/3287
f 875/3668 842/3357 829/3313
f 818/985 832/738 872/964
f 818/523 851/530 804/580
f 853/3932 841/3233 852/3589
f 854/712 832/738 818/985
f 854/1124 856/1108 855/1125
f 892/2647 907/2613 860/2540
f 921/3417 858/3401 857/3368
f 858/3661 833/3325 857/3631
f 865/1446 859/1429 866/1370
f 835/4062 853/4060 852/3696
f 833/3623 835/3985 852/3624
f 797/1186 849/1170 816/1177
f 861/2533 892/2648 860/2541
f 874/4119 839/4061 861/4115
f 845/611 862/570 850/601
f 735/3275 875/3619 829/3273
f 863/3900 831/3863 855/3853
f 869/4045 870/4046 831/3940
f 864/3204 828/3148 865/3152
f 859/1595 865/1605 828/1607
f 865/3219 866/3212 844/3214
f 864/3290 873/3423 867/3355
f 830/3810 811/3807 864/3799
f 865/3219 751/3227 868/3249
f 868/582 751/608 744/583
f 855/3853 839/3961 863/3900
f 870/3217 869/3216 839/3228
f 892/4044 834/4003 871/4033
f 871/1992 834/2001 843/2000
f 872/3478 867/3355 873/3423
f 873/929 818/930 872/889
f 861/2877 860/2882 874/2874
f 921/3993 875/3628 810/3992
f 841/3272 853/3981 837/3279
f 873/3423 864/3290 851/3412
f 818/775 873/774 851/786
f 855/3853 831/3863 832/3798
f 854/792 855/794 832/831
f 830/3301 867/3355 872/3478
f 830/3301 864/3290 867/3355
f 869/3946 831/3863 863/3900
f 863/3900 839/3961 869/3946
f 914/2074 895/2062 882/2073
f 876/2317 895/2329 894/2332
f 902/3485 881/3419 890/3511
f 805/1651 913/1623 910/1650
f 920/2669 880/2570 904/2546
f 913/1362 908/1343 877/1390
f 846/4531 902/4535 919/4537
f 889/2279 878/2294 888/2295
f 878/2323 889/2310 896/2305
f 880/2855 898/2835 879/2825
f 916/2830 881/2860 903/2864
f 905/2494 881/2511 897/2485
f 883/1806 914/1787 882/1786
f 824/1898 917/1890 893/1887
f 884/2599 860/2611 907/2695
f 835/1365 885/1426 908/1374
f 908/1351 885/1382 877/1404
f 871/2060 882/2070 895/2055
f 884/2555 907/2637 886/2678
f 881/2839 916/2799 897/2782
f 901/1862 913/1876 912/1877
f 883/1706 882/1694 787/1711
f 885/1450 921/1474 877/1469
f 901/1959 916/1973 903/1962
f 902/4231 846/4189 887/4215
f 917/1878 824/1882 891/1883
f 890/2385 889/2361 888/2379
f 848/1919 917/1905 891/1915
f 871/2312 886/2299 892/2300
f 886/2290 871/2298 895/2297
f 895/2367 876/2359 920/2358
f 917/2149 878/2140 893/2147
f 895/2085 914/2099 894/2087
f 920/2483 876/2484 923/2472
f 889/2473 899/2455 896/2469
f 902/3436 890/3471 919/3473
f 905/2770 897/2735 906/2728
f 916/1983 901/1966 912/1981
f 904/2832 880/2850 879/2819
f 880/2560 899/2598 898/2536
f 876/2653 899/2598 923/2594
f 881/2663 905/2591 911/2652
f 881/2377 889/2393 890/2404
f 890/2164 917/2169 900/2172
f 849/2399 890/2381 900/2394
f 921/2081 822/2084 877/2082
f 902/2114 901/2122 903/2129
f 881/2691 902/2734 903/2697
f 882/2054 871/2051 843/2057
f 787/1684 882/1669 843/1675
f 806/3480 860/3500 884/3499
f 904/2943 879/2934 806/2935
f 824/1821 914/1793 883/1812
f 898/2536 905/2564 906/2527
f 879/3111 898/3127 906/3106
f 886/2501 907/2493 892/2502
f 908/1473 913/1493 909/1471
f 913/1377 901/1342 909/1350
f 913/1582 877/1599 910/1614
f 899/2598 905/2564 898/2536
f 905/2506 899/2522 911/2528
f 913/1671 805/1692 912/1672
f 805/1871 916/1859 912/1856
f 878/2115 914/2117 893/2121
f 914/1873 824/1880 893/1874
f 897/2938 916/2967 915/2926
f 916/1879 805/1891 915/1894
f 899/2598 876/2653 896/2658
f 876/2267 878/2291 896/2268
f 901/4412 902/4406 887/4397
f 878/2139 917/2146 888/2141
f 917/2181 890/2180 888/2179
f 878/2346 876/2333 894/2342
f 914/2103 878/2102 894/2101
f 906/2709 897/2721 918/2710
f 897/3174 915/3156 918/3160
f 849/2265 846/2263 919/2260
f 890/2191 849/2214 919/2199
f 899/2386 889/2402 911/2388
f 889/2463 881/2454 911/2451
f 920/2674 884/2554 886/2677
f 886/2356 895/2364 920/2354
f 860/2881 806/2865 874/2873
f 921/2095 810/2097 822/2098
f 917/1798 848/1826 900/1809
f 848/1567 849/1570 900/1555
f 910/1661 877/1654 922/1660
f 877/1612 822/1618 922/1620
f 899/2598 880/2560 923/2594
f 880/2586 920/2687 923/2640
f 884/2547 920/2666 904/2545
f 904/2940 806/2932 884/2942
# 1502 faces
